Uniprot_L,Uniprot_R,Gene_L,Gene_R,Kd_nM,Method,Confidence,Ref_csv,Notes,protein_identifier_1,transmembrane_1,peripheral_1,secreted_1,receptor_1,protein_identifier_2,transmembrane_2,peripheral_2,secreted_2,receptor_2,pair_label,color,from,to,from_entrez,to_entrez
P41217,Q8TD46,CD200,CD200R1,2500,"SPR,Cell",5,https://www.ncbi.nlm.nih.gov/m/pubmed/10981966/,NA,OX2G_HUMAN,TRUE,FALSE,FALSE,FALSE,MO2R1_HUMAN,TRUE,FALSE,TRUE,TRUE,CD200 + CD200R1,NA,CD200,CD200R1,4345,131450
P06729,P19256,CD2,CD58,10000,NA,NA,"https://www.ncbi.nlm.nih.gov/pmc/articles/PMC1779959/,https://www.ncbi.nlm.nih.gov/pmc/articles/PMC2196039/",estimates 2000-20000,CD2_HUMAN,TRUE,FALSE,FALSE,TRUE,LFA3_HUMAN,TRUE,FALSE,FALSE,FALSE,CD2 + CD58,NA,CD2,CD58,914,965
Q9BZW8,P09326,CD244,CD48,4000,NA,NA,"https://www.ncbi.nlm.nih.gov/pubmed/17950006,https://www.ncbi.nlm.nih.gov/pmc/articles/PMC2212392/",estimates range 16000 to 4000,CD244_HUMAN,TRUE,FALSE,FALSE,TRUE,CD48_HUMAN,TRUE,FALSE,FALSE,FALSE,CD244 + CD48,NA,CD244,CD48,51744,962
P29965,P25942,CD40LG,CD40,7,"PDB,SPR,Radio",5,"https://www.ncbi.nlm.nih.gov/pubmed/9030600,https://www.ncbi.nlm.nih.gov/pmc/articles/PMC3567247/,https://www.ncbi.nlm.nih.gov/pubmed/26721880",Kd from soluble ecotdomain; differs based on orientation; other estimates as high as 13 uM,CD40L_HUMAN,TRUE,FALSE,TRUE,FALSE,TNR5_HUMAN,TRUE,FALSE,TRUE,TRUE,CD40 + CD40LG,NA,CD40LG,CD40,959,958
Q92692,Q15762,NECTIN2,CD226,310,NA,NA,"https://www.ncbi.nlm.nih.gov/pubmed/15039383,https://www.ncbi.nlm.nih.gov/pubmed/22547693",NA,PVRL2_HUMAN,TRUE,FALSE,FALSE,TRUE,CD226_HUMAN,TRUE,FALSE,FALSE,TRUE,CD226 + PVRL2,NA,NECTIN2,CD226,5819,10666
P15151,Q15762,PVR,CD226,230,NA,NA,https://www.ncbi.nlm.nih.gov/pubmed/15039383,estimates 119-230,PVR_HUMAN,TRUE,FALSE,TRUE,TRUE,CD226_HUMAN,TRUE,FALSE,FALSE,TRUE,CD226 + PVR,NA,PVR,CD226,5817,10666
P15151,Q495A1,PVR,TIGIT,3,NA,NA,"https://www.ncbi.nlm.nih.gov/pubmed/19011627/,https://www.ncbi.nlm.nih.gov/pmc/articles/PMC3325733/,https://www.ncbi.nlm.nih.gov/pubmed/28515320,https://www.ncbi.nlm.nih.gov/pubmed/27978489",other estimates of 3200 and 360 nM,PVR_HUMAN,TRUE,FALSE,TRUE,TRUE,TIGIT_HUMAN,TRUE,FALSE,FALSE,FALSE,PVR + TIGIT,NA,PVR,TIGIT,5817,201633
Q92692,Q495A1,NECTIN2,TIGIT,5800,NA,NA,"https://www.ncbi.nlm.nih.gov/pubmed/28515320,https://www.ncbi.nlm.nih.gov/pubmed/27978489",estimates range 3700-11500,PVRL2_HUMAN,TRUE,FALSE,FALSE,TRUE,TIGIT_HUMAN,TRUE,FALSE,FALSE,FALSE,PVRL2 + TIGIT,NA,NECTIN2,TIGIT,5819,201633
Q92692,Q92692,NECTIN2,NECTIN2,392,NA,NA,https://www.ncbi.nlm.nih.gov/pubmed/22902367,NA,PVRL2_HUMAN,TRUE,FALSE,FALSE,TRUE,PVRL2_HUMAN,TRUE,FALSE,FALSE,TRUE,PVRL2 + PVRL2,NA,NECTIN2,NECTIN2,5819,5819
Q15223,Q15223,NECTIN1,NECTIN1,17500,NA,NA,https://www.ncbi.nlm.nih.gov/pubmed/22902367,NA,PVRL1_HUMAN,TRUE,FALSE,TRUE,TRUE,PVRL1_HUMAN,TRUE,FALSE,TRUE,TRUE,PVRL1 + PVRL1,NA,NECTIN1,NECTIN1,5818,5818
Q15223,Q9NQS3,NECTIN1,NECTIN3,2.3,NA,NA,https://www.ncbi.nlm.nih.gov/pubmed/12740392/,NA,PVRL1_HUMAN,TRUE,FALSE,TRUE,TRUE,PVRL3_HUMAN,TRUE,FALSE,FALSE,FALSE,NECT3 + PVRL1,NA,NECTIN1,NECTIN3,5818,25945
P15151,Q9NQS3,PVR,NECTIN3,71,NA,NA,"https://www.ncbi.nlm.nih.gov/pubmed/19011627,https://www.ncbi.nlm.nih.gov/pubmed/12740392/",estiamtes 17-71,PVR_HUMAN,TRUE,FALSE,TRUE,TRUE,PVRL3_HUMAN,TRUE,FALSE,FALSE,FALSE,NECT3 + PVR,NA,PVR,NECTIN3,5817,25945
Q495A1,Q9NQS3,TIGIT,NECTIN3,39,NA,NA,https://www.ncbi.nlm.nih.gov/pubmed/19011627,NA,TIGIT_HUMAN,TRUE,FALSE,FALSE,FALSE,PVRL3_HUMAN,TRUE,FALSE,FALSE,FALSE,NECT3 + TIGIT,NA,TIGIT,NECTIN3,201633,25945
Q92692,Q9NQS3,NECTIN2,NECTIN3,14,NA,NA,"https://www.ncbi.nlm.nih.gov/pubmed/19011627,https://www.ncbi.nlm.nih.gov/pubmed/12740392/",estimates 14-360,PVRL2_HUMAN,TRUE,FALSE,FALSE,TRUE,PVRL3_HUMAN,TRUE,FALSE,FALSE,FALSE,NECT3 + PVRL2,NA,NECTIN2,NECTIN3,5819,25945
P40200,P15151,CD96,PVR,38,NA,NA,https://www.ncbi.nlm.nih.gov/pubmed/19011627,NA,TACT_HUMAN,TRUE,FALSE,FALSE,TRUE,PVR_HUMAN,TRUE,FALSE,TRUE,TRUE,CD96 + PVR,NA,CD96,PVR,10225,5817
P33681,P10747,CD80,CD28,2900,NA,NA,"https://www.nature.com/articles/ni737,https://www.ncbi.nlm.nih.gov/pubmed/12196291",estimates 2900-4000,CD80_HUMAN,TRUE,FALSE,FALSE,TRUE,CD28_HUMAN,TRUE,FALSE,FALSE,FALSE,CD28 + CD80,NA,CD80,CD28,941,940
P42081,P10747,CD86,CD28,19000,NA,NA,https://www.ncbi.nlm.nih.gov/pubmed/12196291,NA,CD86_HUMAN,TRUE,FALSE,FALSE,TRUE,CD28_HUMAN,TRUE,FALSE,FALSE,FALSE,CD28 + CD86,NA,CD86,CD28,942,940
P33681,P16410,CD80,CTLA4,420,NA,NA,"https://www.ncbi.nlm.nih.gov/pmc/articles/PMC2196039/,https://www.ncbi.nlm.nih.gov/pubmed/9053440",estimates 200-420,CD80_HUMAN,TRUE,FALSE,FALSE,TRUE,CTLA4_HUMAN,TRUE,FALSE,FALSE,FALSE,CD80 + CTLA4,NA,CD80,CTLA4,941,1493
P42081,P16410,CD86,CTLA4,2600,NA,NA,"https://www.ncbi.nlm.nih.gov/pubmed/12196291,https://www.nature.com/articles/nri3108",NA,CD86_HUMAN,TRUE,FALSE,FALSE,TRUE,CTLA4_HUMAN,TRUE,FALSE,FALSE,FALSE,CD86 + CTLA4,NA,CD86,CTLA4,942,1493
Q9NZQ7,P33681,CD274,CD80,1500,NA,NA,"https://www.ncbi.nlm.nih.gov/pubmed/17629517,https://www.ncbi.nlm.nih.gov/pubmed/18585785,https://www.ncbi.nlm.nih.gov/pmc/articles/PMC3168865/",estimates 7 to 1400-1900,PD1L1_HUMAN,TRUE,FALSE,FALSE,TRUE,CD80_HUMAN,TRUE,FALSE,FALSE,TRUE,CD274 + CD80,NA,CD274,CD80,29126,941
Q9NZQ7,Q15116,CD274,PDCD1,590,NA,NA,"https://www.ncbi.nlm.nih.gov/pubmed/17629517,https://www.ncbi.nlm.nih.gov/pmc/articles/PMC3168865/",estimates 10.4 -590,PD1L1_HUMAN,TRUE,FALSE,FALSE,TRUE,PDCD1_HUMAN,TRUE,FALSE,FALSE,TRUE,CD274 + PDCD1,NA,CD274,PDCD1,29126,5133
Q9BQ51,Q15116,PDCD1LG2,PDCD1,11,NA,NA,https://www.ncbi.nlm.nih.gov/pmc/articles/PMC3168865/,NA,PD1L2_HUMAN,TRUE,FALSE,TRUE,TRUE,PDCD1_HUMAN,TRUE,FALSE,FALSE,TRUE,PD1L2 + PDCD1,NA,PDCD1LG2,PDCD1,80380,5133
P01375,P20333,TNF,TNFRSF1B,0.42,NA,NA,"https://www.ncbi.nlm.nih.gov/pmc/articles/PMC18461/,https://www.ncbi.nlm.nih.gov/pubmed/26721880",estimates 0.42-0.82,TNFA_HUMAN,TRUE,FALSE,TRUE,FALSE,TNR1B_HUMAN,TRUE,FALSE,TRUE,TRUE,TNF + TNFRSF1B,NA,TNF,TNFRSF1B,7124,7133
P09603,P07333,CSF1,CSF1R,720,NA,NA,https://www.ncbi.nlm.nih.gov/pubmed/22483114/,"kon = 7.7 × 104s-1M-1, koff = 5.4 × 10?2 s-1",CSF1_HUMAN,TRUE,FALSE,TRUE,FALSE,CSF1R_HUMAN,TRUE,FALSE,FALSE,TRUE,CSF1 + CSF1R,NA,CSF1,CSF1R,1435,1436
P32970,P26842,CD70,CD27,0.8,NA,NA,https://www.ncbi.nlm.nih.gov/pubmed/26721880,NA,CD70_HUMAN,FALSE,FALSE,TRUE,FALSE,CD27_HUMAN,TRUE,FALSE,FALSE,TRUE,CD27 + CD70,NA,CD70,CD27,970,939
O75144,Q9Y6W8,ICOSLG,ICOS,24,NA,NA,https://www.ncbi.nlm.nih.gov/pmc/articles/PMC2759495/,koff:8.9X10^-3 sec-1,ICOSL_HUMAN,TRUE,FALSE,FALSE,FALSE,ICOS_HUMAN,TRUE,FALSE,TRUE,TRUE,ICOS + ICOSLG,NA,ICOSLG,ICOS,23308,29851
P48023,P25445,FASLG,FAS,1.6,NA,NA,https://www.ncbi.nlm.nih.gov/pubmed/26721880,NA,TNFL6_HUMAN,TRUE,FALSE,TRUE,FALSE,TNR6_HUMAN,TRUE,FALSE,TRUE,TRUE,FAS + FASLG,NA,FASLG,FAS,356,355
P41273,Q07011,TNFSF9,TNFRSF9,2,NA,NA,https://www.ncbi.nlm.nih.gov/pubmed/26721880,NA,TNFL9_HUMAN,TRUE,FALSE,TRUE,FALSE,TNR9_HUMAN,TRUE,FALSE,FALSE,TRUE,TNFRSF9 + TNFSF9,NA,TNFSF9,TNFRSF9,8744,3604
O43557,Q92956,TNFSF14,TNFRSF14,0.18,NA,NA,https://www.ncbi.nlm.nih.gov/pubmed/26721880,NA,TNF14_HUMAN,TRUE,FALSE,TRUE,FALSE,TNR14_HUMAN,TRUE,FALSE,FALSE,TRUE,TNFRSF14 + TNFSF14,NA,TNFSF14,TNFRSF14,8740,8764
P50591,O00220,TNFSF10,TNFRSF10A,4,NA,NA,https://www.ncbi.nlm.nih.gov/pubmed/26721880,NA,TNF10_HUMAN,TRUE,FALSE,TRUE,FALSE,TR10A_HUMAN,TRUE,FALSE,FALSE,TRUE,TNFRSF10A + TNFSF10,NA,TNFSF10,TNFRSF10A,8743,8797
P50591,O14798,TNFSF10,TNFRSF10C,3.7,NA,NA,https://www.ncbi.nlm.nih.gov/pubmed/26721880,another estimate kon = 5.43 ± 0.27 × 104 M-1s-1 ; koff = 2.54 ± 0.27 × 10?3 s-1 ; Kd = 4.68 ± 0.35 × 10?8 M,TNF10_HUMAN,TRUE,FALSE,TRUE,FALSE,TR10C_HUMAN,TRUE,FALSE,FALSE,TRUE,TNFRSF10C + TNFSF10,NA,TNFSF10,TNFRSF10C,8743,8794
Q7Z6A9,Q92956,BTLA,TNFRSF14,290,NA,NA,https://www.ncbi.nlm.nih.gov/pubmed/21959263,NA,BTLA_HUMAN,TRUE,FALSE,FALSE,TRUE,TNR14_HUMAN,TRUE,FALSE,FALSE,TRUE,BTLA + TNFRSF14,NA,BTLA,TNFRSF14,151888,8764
Q9Y275,Q96RJ3,TNFSF13B,TNFRSF13C,0.13,NA,NA,https://www.ncbi.nlm.nih.gov/pubmed/26721880,NA,TN13B_HUMAN,TRUE,FALSE,TRUE,FALSE,TR13C_HUMAN,TRUE,FALSE,FALSE,TRUE,TNFRSF13C + TNFSF13B,NA,TNFSF13B,TNFRSF13C,10673,115650
Q9Y275,Q02223,TNFSF13B,TNFRSF17,0.22,NA,NA,https://www.ncbi.nlm.nih.gov/pubmed/26721880,NA,TN13B_HUMAN,TRUE,FALSE,TRUE,FALSE,TNR17_HUMAN,TRUE,FALSE,FALSE,TRUE,TNFRSF17 + TNFSF13B,NA,TNFSF13B,TNFRSF17,10673,608
Q9Y275,O14836,TNFSF13B,TNFRSF13B,0.27,NA,NA,"https://www.ncbi.nlm.nih.gov/pubmed/26721880,https://www.ncbi.nlm.nih.gov/pubmed/10956646",estimates 0.1-0.3,TN13B_HUMAN,TRUE,FALSE,TRUE,FALSE,TR13B_HUMAN,TRUE,FALSE,FALSE,TRUE,TNFRSF13B + TNFSF13B,NA,TNFSF13B,TNFRSF13B,10673,23495
P19320,P13612,VCAM1,ITGA4,40,NA,NA,https://www.ncbi.nlm.nih.gov/pmc/articles/PMC4368157/,NA,VCAM1_HUMAN,TRUE,FALSE,FALSE,FALSE,ITA4_HUMAN,TRUE,FALSE,FALSE,TRUE,ITGA4B1 + VCAM1,NA,VCAM1,ITGA4,7412,3676
P19320,P26010,VCAM1,ITGB7,NA,NA,NA,https://www.ncbi.nlm.nih.gov/pubmed/7534304,NA,VCAM1_HUMAN,TRUE,FALSE,FALSE,FALSE,ITB7_HUMAN,TRUE,FALSE,FALSE,TRUE,ITGA4B7 + VCAM1,NA,VCAM1,ITGB7,7412,3695
P05362,P20701,ICAM1,ITGAL,500,NA,NA,https://www.ncbi.nlm.nih.gov/pubmed/9780171,estimates 170-500,ICAM1_HUMAN,TRUE,FALSE,FALSE,TRUE,ITAL_HUMAN,TRUE,FALSE,FALSE,TRUE,ICAM1 + ITGALB2,NA,ICAM1,ITGAL,3383,3683
P13598,P20701,ICAM2,ITGAL,600,NA,NA,https://www.ncbi.nlm.nih.gov/pubmed/11353828/,NA,ICAM2_HUMAN,TRUE,FALSE,FALSE,FALSE,ITAL_HUMAN,TRUE,FALSE,FALSE,TRUE,ICAM2 + ITGALB2,NA,ICAM2,ITGAL,3384,3683
P32942,P20701,ICAM3,ITGAL,25000,NA,NA,"https://www.ncbi.nlm.nih.gov/pubmed/15728350,https://www.ncbi.nlm.nih.gov/pubmed/11353828/",estimates 4300-25000,ICAM3_HUMAN,TRUE,FALSE,FALSE,FALSE,ITAL_HUMAN,TRUE,FALSE,FALSE,TRUE,ICAM3 + ITGALB2,NA,ICAM3,ITGAL,3385,3683
Q14773,P20701,ICAM4,ITGAL,NA,NA,NA,https://www.ncbi.nlm.nih.gov/pubmed/10846180,NA,ICAM4_HUMAN,TRUE,FALSE,TRUE,FALSE,ITAL_HUMAN,TRUE,FALSE,FALSE,TRUE,ICAM4 + ITGALB2,NA,ICAM4,ITGAL,3386,3683
P05362,P11215,ICAM1,ITGAM,680,NA,NA,https://www.ncbi.nlm.nih.gov/pubmed/16252253,NA,ICAM1_HUMAN,TRUE,FALSE,FALSE,TRUE,ITAM_HUMAN,TRUE,FALSE,FALSE,TRUE,ICAM1 + ITGAMB2,NA,ICAM1,ITGAM,3383,3684
P05362,P20702,ICAM1,ITGAX,3900,NA,NA,https://www.ncbi.nlm.nih.gov/pubmed/16252253,NA,ICAM1_HUMAN,TRUE,FALSE,FALSE,TRUE,ITAX_HUMAN,TRUE,FALSE,FALSE,TRUE,ICAM1 + ITGAXB2,NA,ICAM1,ITGAX,3383,3687
P32942,Q13349,ICAM3,ITGAD,1900,NA,NA,https://www.ncbi.nlm.nih.gov/pubmed/16239428,NA,ICAM3_HUMAN,TRUE,FALSE,FALSE,FALSE,ITAD_HUMAN,TRUE,FALSE,FALSE,TRUE,ICAM3 + ITGADB2,NA,ICAM3,ITGAD,3385,3681
P19320,Q13349,VCAM1,ITGAD,8100,NA,NA,https://www.ncbi.nlm.nih.gov/pubmed/16239428,NA,VCAM1_HUMAN,TRUE,FALSE,FALSE,FALSE,ITAD_HUMAN,TRUE,FALSE,FALSE,TRUE,ITGADB2 + VCAM1,NA,VCAM1,ITGAD,7412,3681
Q8N6Q3,P16284,CD177,PECAM1,815,NA,NA,https://www.ncbi.nlm.nih.gov/pubmed/17580308,NA,CD177_HUMAN,TRUE,FALSE,FALSE,FALSE,PECA1_HUMAN,TRUE,FALSE,FALSE,TRUE,CD177 + PECAM1,NA,CD177,PECAM1,57126,5175
Q9BX67,Q9BX67,JAM3,JAM3,9.6,NA,NA,https://www.ncbi.nlm.nih.gov/pubmed/16118203,NA,JAM3_HUMAN,TRUE,FALSE,TRUE,FALSE,JAM3_HUMAN,TRUE,FALSE,TRUE,FALSE,JAM3 + JAM3,NA,JAM3,JAM3,83700,83700
Q13740,Q13740,ALCAM,ALCAM,42000,NA,NA,https://www.ncbi.nlm.nih.gov/pubmed/15048703,"estimates range 29000-48000, Koff >5.3 s-1, t half 0.1 sec",CD166_HUMAN,TRUE,FALSE,TRUE,FALSE,CD166_HUMAN,TRUE,FALSE,TRUE,FALSE,ALCAM + ALCAM,NA,ALCAM,ALCAM,214,214
P16284,P16284,PECAM1,PECAM1,12000,"PDB,AUC,MS",5,"https://www.ncbi.nlm.nih.gov/pubmed/10425179,https://www.ncbi.nlm.nih.gov/pubmed/26702061",NA,PECA1_HUMAN,TRUE,FALSE,FALSE,TRUE,PECA1_HUMAN,TRUE,FALSE,FALSE,TRUE,PECAM1 + PECAM1,NA,PECAM1,PECAM1,5175,5175
P19022,P06734,CDH2,FCER2,10000,JS,NA,NA,NA,CADH2_HUMAN,TRUE,FALSE,FALSE,FALSE,FCER2_HUMAN,TRUE,FALSE,TRUE,TRUE,CDH2 + FCER2,NA,CDH2,FCER2,1000,2208
Q9BY67,O95727,CADM1,CRTAM,12500,NA,NA,https://www.ncbi.nlm.nih.gov/pubmed/23871486,koff: 7.84x10^-3 s-1,CADM1_HUMAN,TRUE,FALSE,FALSE,FALSE,CRTAM_HUMAN,TRUE,FALSE,FALSE,FALSE,CADM1 + CRTAM,NA,CADM1,CRTAM,23705,56253
P13688,P31997,CEACAM1,CEACAM8,NA,NA,NA,https://www.ncbi.nlm.nih.gov/pubmed/24743304,NA,CEAM1_HUMAN,TRUE,FALSE,TRUE,FALSE,CEAM8_HUMAN,TRUE,FALSE,FALSE,FALSE,CEACAM1 + CEACAM8,NA,CEACAM1,1088,634,1088
P13688,P06731,CEACAM1,CEACAM5,NA,NA,NA,https://www.ncbi.nlm.nih.gov/pubmed/15905509,NA,CEAM1_HUMAN,TRUE,FALSE,TRUE,FALSE,CEAM5_HUMAN,TRUE,FALSE,FALSE,FALSE,CEACAM1 + CEACAM5,NA,CEACAM1,1048,634,1048
P13688,P40199,CEACAM1,CEACAM6,NA,NA,NA,ISBN: 9780471701323,NA,CEAM1_HUMAN,TRUE,FALSE,TRUE,FALSE,CEAM6_HUMAN,TRUE,FALSE,FALSE,FALSE,CEACAM1 + CEACAM6,NA,CEACAM1,4680,634,4680
P13688,P13688,CEACAM1,CEACAM1,7650,NA,NA,https://www.ncbi.nlm.nih.gov/pmc/articles/PMC2779236/,ka1 = 0.0890 ± 0.0034 µM?1s?1; kd1 = 0.6806 ± 0.0074 s?1,CEAM1_HUMAN,TRUE,FALSE,TRUE,FALSE,CEAM1_HUMAN,TRUE,FALSE,TRUE,FALSE,CEACAM1 + CEACAM1,NA,CEACAM1,CEACAM1,634,634
P06731,P01732,CEACAM5,CD8A,22,NA,NA,https://www.ncbi.nlm.nih.gov/pubmed/24104458,2.60E+04 M-1s-1 (KON) and 5.60E-04 s-1 (KOFF),CEAM5_HUMAN,TRUE,FALSE,FALSE,FALSE,CD8A_HUMAN,TRUE,FALSE,TRUE,TRUE,CD8A + CEACAM5,NA,1048,CD8A,1048,925
P06731,P15813,CEACAM5,CD1D,NA,NA,NA,https://www.ncbi.nlm.nih.gov/pubmed/24104458,NA,CEAM5_HUMAN,TRUE,FALSE,FALSE,FALSE,CD1D_HUMAN,TRUE,FALSE,FALSE,FALSE,CD1D + CEACAM5,NA,1048,CD1D,1048,912
Q10589,P59901,BST2,LILRA4,1000,NA,NA,https://www.ncbi.nlm.nih.gov/pubmed/19564354,NA,BST2_HUMAN,TRUE,FALSE,FALSE,FALSE,LIRA4_HUMAN,TRUE,FALSE,FALSE,TRUE,BST2 + LILRA4,NA,BST2,23547,684,23547
Q9BZM4,P26718,ULBP3,KLRK1,4000,NA,NA,"https://www.ncbi.nlm.nih.gov/pubmed/12444134,https://www.ncbi.nlm.nih.gov/pubmed/28559451",NA,N2DL3_HUMAN,TRUE,FALSE,FALSE,FALSE,NKG2D_HUMAN,TRUE,FALSE,FALSE,TRUE,KLRK1 + ULBP3,NA,79465,KLRK1,79465,22914
P13747,P26715,HLA-E,KLRC1,5000,"SPR,PDB",NA,"https://www.ncbi.nlm.nih.gov/pubmed/15728498,https://www.ncbi.nlm.nih.gov/pubmed/18448674",varies 500-20000 nM depending on polymorphisms,HLAE_HUMAN,TRUE,FALSE,FALSE,FALSE,NKG2A_HUMAN,TRUE,FALSE,FALSE,TRUE,HLAE + KLRC1D1,NA,HLA-E,KLRC1,3133,3821
P13747,P26717,HLA-E,KLRC2,28000,SPR,NA,https://www.ncbi.nlm.nih.gov/pubmed/15728498,varies 4.3 to over 120 uM depending on HLA peptides and polymorphisms,HLAE_HUMAN,TRUE,FALSE,FALSE,FALSE,NKG2C_HUMAN,TRUE,FALSE,FALSE,TRUE,HLAE + KLRC2D1,NA,HLA-E,KLRC2,3133,3822
P30511,P43630,HLA-F,KIR3DL2,118,NA,NA,https://www.ncbi.nlm.nih.gov/pubmed/27455421,koff:5.08 × 10?3 s-1,HLAF_HUMAN,TRUE,FALSE,FALSE,FALSE,KI3L2_HUMAN,TRUE,FALSE,FALSE,TRUE,HLAF + KIR3DL2,NA,HLA-F,KIR3DL2,3134,3812
P30511,Q14943,HLA-F,KIR3DS1,25,NA,NA,https://www.ncbi.nlm.nih.gov/pubmed/27455421,koff: 7.0 × 10?4 s-1,HLAF_HUMAN,TRUE,FALSE,FALSE,FALSE,KI3S1_HUMAN,TRUE,FALSE,FALSE,TRUE,HLAF + KIR3DS1,NA,HLA-F,3813,3134,3813
P30511,P43629,HLA-F,KIR3DL1,157,NA,NA,https://www.ncbi.nlm.nih.gov/pubmed/27455421,koff:6.91 × 10?3 s-1,HLAF_HUMAN,TRUE,FALSE,FALSE,FALSE,KI3L1_HUMAN,TRUE,FALSE,FALSE,TRUE,HLAF + KIR3DL1,NA,HLA-F,KIR3DL1,3134,3811
Q8N109,P15151,KIR2DL5A,PVR,12000,JS,NA,NA,NA,KI2LA_HUMAN,TRUE,FALSE,FALSE,TRUE,PVR_HUMAN,TRUE,FALSE,TRUE,TRUE,KIR2DL5A + PVR,NA,57292,PVR,57292,5817
Q6GTX8,Q8NHJ6,LAIR1,LILRB4,200000,NA,NA,https://www.ncbi.nlm.nih.gov/pubmed/19283782/,NA,LIRB4_HUMAN,TRUE,FALSE,FALSE,TRUE,LAIR1_HUMAN,TRUE,FALSE,FALSE,TRUE,LAIR1 + LILRB4,NA,LAIR1,LILRB4,3903,11006
P17693,Q8N423,HLA-G,LILRB2,4300,NA,NA,"https://www.ncbi.nlm.nih.gov/pubmed/16455647,https://www.ncbi.nlm.nih.gov/pubmed/17056715",NA,HLAG_HUMAN,TRUE,FALSE,FALSE,TRUE,LIRB2_HUMAN,TRUE,FALSE,FALSE,TRUE,HLAG + LILRB2,NA,HLA-G,NA,3135,NA
P17693,Q8NHL6,HLA-G,LILRB1,2500,NA,NA,https://www.ncbi.nlm.nih.gov/pubmed/16455647,NA,HLAG_HUMAN,TRUE,FALSE,FALSE,TRUE,LIRB1_HUMAN,TRUE,FALSE,TRUE,TRUE,HLAG + LILRB1,NA,HLA-G,LILRB1,3135,10859
P30511,Q8NHL6,HLA-F,LILRB1,NA,NA,NA,https://www.ncbi.nlm.nih.gov/pubmed/11169396,NA,HLAF_HUMAN,TRUE,FALSE,FALSE,FALSE,LIRB1_HUMAN,TRUE,FALSE,TRUE,TRUE,HLAF + LILRB1,NA,HLA-F,LILRB1,3134,10859
P30511,Q8N423,HLA-F,LILRB2,NA,NA,NA,https://www.ncbi.nlm.nih.gov/pubmed/11169396,NA,HLAF_HUMAN,TRUE,FALSE,FALSE,FALSE,LIRB2_HUMAN,TRUE,FALSE,FALSE,TRUE,HLAF + LILRB2,NA,HLA-F,NA,3134,NA
Q9H7M9,P30511,VSIR,HLA-F,1600,JS,NA,NA,NA,GI24_HUMAN,TRUE,FALSE,FALSE,TRUE,HLAF_HUMAN,TRUE,FALSE,FALSE,FALSE,HLAF + VISTA,NA,VSIR,HLA-F,64115,3134
Q9H7M9,P13747,VSIR,HLA-E,7100,JS,NA,NA,NA,GI24_HUMAN,TRUE,FALSE,FALSE,TRUE,HLAE_HUMAN,TRUE,FALSE,FALSE,FALSE,HLAE + VISTA,NA,VSIR,HLA-E,64115,3133
Q9UHP7,Q12918,CLEC2D,KLRB1,48000,"SPR,Cell",4,"https://www.ncbi.nlm.nih.gov/pubmed/21572041/,https://www.ncbi.nlm.nih.gov/pubmed/16339513,",NA,CLC2D_HUMAN,TRUE,FALSE,FALSE,TRUE,KLRB1_HUMAN,TRUE,FALSE,FALSE,TRUE,CLEC2D + KLRB1,NA,29121,KLRB1,29121,3820
Q92478,Q9NZS2,CLEC2B,KLRF1,4100,"SPR,Cell",4,https://www.ncbi.nlm.nih.gov/pubmed/17057721/,other estimate Kd 2.3 uM ; kon 1.6 × 104 M?1s?1 ; koff 6.7 × 10?2 s?1,CLC2B_HUMAN,TRUE,FALSE,FALSE,TRUE,KLRF1_HUMAN,TRUE,FALSE,FALSE,TRUE,CLEC2B + KLRF1,NA,9976,51348,9976,51348
P30203,Q13740,CD6,ALCAM,120,NA,NA,"https://www.ncbi.nlm.nih.gov/pmc/articles/PMC4533223/,https://www.ncbi.nlm.nih.gov/pubmed/15048703","estimates range 90-1000, Koff ?0.4–0.63?s–1,t half 1.2-1.7 sec",CD6_HUMAN,TRUE,FALSE,TRUE,FALSE,CD166_HUMAN,TRUE,FALSE,TRUE,FALSE,ALCAM + CD6,NA,CD6,ALCAM,923,214
Q9Y624,Q9Y624,F11R,F11R,15,"PDB,SPR",5,"https://www.ncbi.nlm.nih.gov/pubmed/10913139/,https://www.ncbi.nlm.nih.gov/pubmed/12697893/",NA,JAM1_HUMAN,TRUE,FALSE,FALSE,TRUE,JAM1_HUMAN,TRUE,FALSE,FALSE,TRUE,F11R + F11R,NA,F11R,F11R,50848,50848
Q9Y624,P20701,F11R,ITGAL,500,NA,NA,"https://www.ncbi.nlm.nih.gov/pubmed/15528364,https://www.ncbi.nlm.nih.gov/pubmed/11812992",NA,JAM1_HUMAN,TRUE,FALSE,FALSE,TRUE,ITAL_HUMAN,TRUE,FALSE,FALSE,TRUE,F11R + ITGALB2,NA,F11R,ITGAL,50848,3683
Q9BX67,P11215,JAM3,ITGAM,35,NA,NA,"https://www.ncbi.nlm.nih.gov/pubmed/16118203,https://www.ncbi.nlm.nih.gov/pmc/articles/PMC2194005/",NA,JAM3_HUMAN,TRUE,FALSE,TRUE,FALSE,ITAM_HUMAN,TRUE,FALSE,FALSE,TRUE,ITGAMB2 + JAM3,NA,JAM3,ITGAM,83700,3684
P07359,P11215,GP1BA,ITGAM,20000,NA,NA,https://www.ncbi.nlm.nih.gov/pmc/articles/PMC2194217/,NA,GP1BA_HUMAN,TRUE,FALSE,FALSE,FALSE,ITAM_HUMAN,TRUE,FALSE,FALSE,TRUE,GP1BA + ITGAMB2,NA,GP1BA,ITGAM,2811,3684
P04216,P20702,THY1,ITGAX,1160,NA,NA,https://www.ncbi.nlm.nih.gov/pubmed/15850796,NA,THY1_HUMAN,TRUE,FALSE,FALSE,FALSE,ITAX_HUMAN,TRUE,FALSE,FALSE,TRUE,ITGAXB2 + THY1,NA,THY1,ITGAX,7070,3687
P04216,P11215,THY1,ITGAM,2400,NA,NA,https://www.ncbi.nlm.nih.gov/pubmed/15850796,NA,THY1_HUMAN,TRUE,FALSE,FALSE,FALSE,ITAM_HUMAN,TRUE,FALSE,FALSE,TRUE,ITGAMB2 + THY1,NA,THY1,ITGAM,7070,3684
P06734,P11215,FCER2,ITGAM,NA,NA,1,"https://www.ncbi.nlm.nih.gov/pubmed/7621072,https://www.ncbi.nlm.nih.gov/pmc/articles/PMC2143337/",little further study,FCER2_HUMAN,TRUE,FALSE,TRUE,TRUE,ITAM_HUMAN,TRUE,FALSE,FALSE,TRUE,FCER2 + ITGAMB2,NA,FCER2,ITGAM,2208,3684
P06734,P06756,FCER2,ITGAV,NA,NA,1,https://www.ncbi.nlm.nih.gov/pubmed/10037797/,little further study,FCER2_HUMAN,TRUE,FALSE,TRUE,TRUE,ITAV_HUMAN,TRUE,FALSE,FALSE,TRUE,FCER2 + ITGAVB3,NA,FCER2,ITGAV,2208,3685
P06734,P20702,FCER2,ITGAX,NA,NA,1,https://www.ncbi.nlm.nih.gov/pubmed/7621072,little further study,FCER2_HUMAN,TRUE,FALSE,TRUE,TRUE,ITAX_HUMAN,TRUE,FALSE,FALSE,TRUE,FCER2 + ITGAXB2,NA,FCER2,ITGAX,2208,3687
P22455,P34741,FGFR4,SDC2,1700,JS,NA,NA,NA,FGFR4_HUMAN,TRUE,FALSE,TRUE,TRUE,SDC2_HUMAN,TRUE,FALSE,FALSE,FALSE,FGFR4 + SDC2,NA,FGFR4,SDC2,2264,6383
P06734,P20023,FCER2,CR2,263,NA,NA,"https://www.ncbi.nlm.nih.gov/pubmed/16785534,https://www.ncbi.nlm.nih.gov/pmc/articles/PMC2212946/","estimates range 263-870. koff (1/s):7.9E-2,kon (1/Ms) 2.1E5",FCER2_HUMAN,TRUE,FALSE,TRUE,TRUE,CR2_HUMAN,TRUE,FALSE,FALSE,TRUE,CR2 + FCER2,NA,FCER2,CR2,2208,1380
P16284,P28907,PECAM1,CD38,NA,NA,NA,"https://www.ncbi.nlm.nih.gov/pubmed/9551996,https://www.ncbi.nlm.nih.gov/pubmed/26407101",NA,PECA1_HUMAN,TRUE,FALSE,FALSE,TRUE,CD38_HUMAN,TRUE,FALSE,FALSE,TRUE,CD38 + PECAM1,NA,PECAM1,CD38,5175,952
P16150,P05362,SPN,ICAM1,NA,NA,NA,https://www.ncbi.nlm.nih.gov/pubmed/1683685,NA,LEUK_HUMAN,TRUE,FALSE,FALSE,FALSE,ICAM1_HUMAN,TRUE,FALSE,FALSE,TRUE,ICAM1 + SPN,NA,SPN,ICAM1,6693,3383
P16150,Q9BZZ2,SPN,SIGLEC1,NA,NA,NA,https://www.ncbi.nlm.nih.gov/pubmed/11238599,NA,LEUK_HUMAN,TRUE,FALSE,FALSE,FALSE,SN_HUMAN,TRUE,FALSE,TRUE,FALSE,SIGLEC1 + SPN,NA,SPN,SIGLEC1,6693,6614
P08575,P22897,PTPRC,MRC1,NA,NA,NA,"https://www.ncbi.nlm.nih.gov/pubmed/27601670,https://www.ncbi.nlm.nih.gov/pubmed/10575006",glycoform-dependent interaction,PTPRC_HUMAN,TRUE,FALSE,FALSE,FALSE,MRC1_HUMAN,TRUE,FALSE,FALSE,TRUE,MRC1 + PTPRC,NA,PTPRC,MRC1,5788,4360
Q96E93,P12830,KLRG1,CDH1,150000,NA,NA,https://www.ncbi.nlm.nih.gov/pmc/articles/PMC3030123/,NA,KLRG1_HUMAN,TRUE,FALSE,FALSE,TRUE,CADH1_HUMAN,TRUE,FALSE,FALSE,FALSE,CDH1 + KLRG1,NA,KLRG1,CDH1,10219,999
Q08722,P78324,CD47,SIRPA,2000,NA,NA,https://www.ncbi.nlm.nih.gov/pubmed/10964914,https://www.ncbi.nlm.nih.gov/pubmed/15294972,CD47_HUMAN,TRUE,FALSE,FALSE,TRUE,SHPS1_HUMAN,TRUE,FALSE,FALSE,TRUE,CD47 + SIRPA,NA,CD47,SIRPA,961,140885
Q08722,Q9P1W8,CD47,SIRPG,23000,NA,NA,https://www.ncbi.nlm.nih.gov/pubmed/15294972,NA,CD47_HUMAN,TRUE,FALSE,FALSE,TRUE,SIRPG_HUMAN,TRUE,FALSE,FALSE,FALSE,CD47 + SIRPG,NA,CD47,55423,961,55423
P15813,Q8N423,CD1D,LILRB2,NA,NA,NA,https://www.ncbi.nlm.nih.gov/pubmed/19124746/,NA,CD1D_HUMAN,TRUE,FALSE,FALSE,FALSE,LIRB2_HUMAN,TRUE,FALSE,FALSE,TRUE,CD1D + LILRB2,NA,CD1D,NA,912,NA
Q9UIB8,Q9UIB8,CD84,CD84,NA,NA,NA,https://www.ncbi.nlm.nih.gov/pubmed/11564780,NA,SLAF5_HUMAN,TRUE,FALSE,FALSE,TRUE,SLAF5_HUMAN,TRUE,FALSE,FALSE,TRUE,CD84 + CD84,NA,CD84,CD84,8832,8832
Q9HBG7,Q9HBG7,LY9,LY9,NA,NA,NA,https://www.ncbi.nlm.nih.gov/pubmed/15905546,NA,LY9_HUMAN,TRUE,FALSE,FALSE,TRUE,LY9_HUMAN,TRUE,FALSE,FALSE,TRUE,LY9 + LY9,NA,LY9,LY9,4063,4063
Q13291,Q13291,SLAMF1,SLAMF1,200000,NA,NA,https://www.ncbi.nlm.nih.gov/pubmed/10831600,NA,SLAF1_HUMAN,TRUE,FALSE,TRUE,TRUE,SLAF1_HUMAN,TRUE,FALSE,TRUE,TRUE,SLAMF1 + SLAMF1,NA,SLAMF1,SLAMF1,6504,6504
Q9NQ25,Q9NQ25,SLAMF7,SLAMF7,NA,NA,NA,https://www.ncbi.nlm.nih.gov/pubmed/12213321,NA,SLAF7_HUMAN,TRUE,FALSE,FALSE,TRUE,SLAF7_HUMAN,TRUE,FALSE,FALSE,TRUE,SLAMF7 + SLAMF7,NA,SLAMF7,SLAMF7,57823,57823
Q96DU3,Q96DU3,SLAMF6,SLAMF6,19700,NA,NA,"https://www.ncbi.nlm.nih.gov/pubmed/15162436,https://www.ncbi.nlm.nih.gov/pubmed/17045824",bivalent interaction model,SLAF6_HUMAN,TRUE,FALSE,FALSE,TRUE,SLAF6_HUMAN,TRUE,FALSE,FALSE,TRUE,SLAMF6 + SLAMF6,NA,SLAMF6,SLAMF6,114836,114836
Q9P0V8,Q9P0V8,SLAMF8,SLAMF8,NA,NA,NA,https://www.ncbi.nlm.nih.gov/pmc/articles/PMC4370648/,NA,SLAF8_HUMAN,TRUE,FALSE,FALSE,TRUE,SLAF8_HUMAN,TRUE,FALSE,FALSE,TRUE,SLAMF8 + SLAMF8,NA,SLAMF8,SLAMF8,56833,56833
P32971,P28908,TNFSF8,TNFRSF8,5,NA,NA,"https://www.ncbi.nlm.nih.gov/pubmed/11754357,https://www.ncbi.nlm.nih.gov/pubmed/26721880",estimates 5-19,TNFL8_HUMAN,TRUE,FALSE,FALSE,FALSE,TNR8_HUMAN,TRUE,FALSE,FALSE,TRUE,TNFL8 + TNFRSF8,NA,TNFSF8,TNFRSF8,944,943
P25063,P16109,CD24,SELP,NA,NA,NA,https://www.ncbi.nlm.nih.gov/pubmed/9129046,NA,CD24_HUMAN,TRUE,FALSE,FALSE,FALSE,LYAM3_HUMAN,TRUE,FALSE,FALSE,FALSE,CD24 + SELP,NA,CD24,SELP,100133941,6403
P28906,P16109,CD34,SELP,NA,NA,NA,https://www.ncbi.nlm.nih.gov/pubmed/18606703,NA,CD34_HUMAN,TRUE,FALSE,FALSE,FALSE,LYAM3_HUMAN,TRUE,FALSE,FALSE,FALSE,CD34 + SELP,NA,CD34,SELP,947,6403
P28906,P14151,CD34,SELL,NA,NA,NA,"https://www.ncbi.nlm.nih.gov/pubmed/7692600,https://www.ncbi.nlm.nih.gov/pubmed/8977216",NA,CD34_HUMAN,TRUE,FALSE,FALSE,FALSE,LYAM1_HUMAN,TRUE,FALSE,FALSE,FALSE,CD34 + SELL,NA,CD34,SELL,947,6402
O95971,Q92956,CD160,TNFRSF14,340,NA,NA,https://www.ncbi.nlm.nih.gov/pubmed/21959263,NA,BY55_HUMAN,TRUE,FALSE,FALSE,TRUE,TNR14_HUMAN,TRUE,FALSE,FALSE,TRUE,CD160 + TNFRSF14,NA,CD160,TNFRSF14,11126,8764
P23510,P43489,TNFSF4,TNFRSF4,1,NA,NA,https://www.ncbi.nlm.nih.gov/pubmed/26721880,NA,TNFL4_HUMAN,TRUE,FALSE,FALSE,FALSE,TNR4_HUMAN,TRUE,FALSE,FALSE,TRUE,TNFRSF4 + TNFSF4,NA,TNFSF4,TNFRSF4,7292,7293
O75888,O14836,TNFSF13,TNFRSF13B,0.91,NA,NA,"https://www.ncbi.nlm.nih.gov/pubmed/10898980,https://www.ncbi.nlm.nih.gov/pubmed/12370363",NA,TNF13_HUMAN,FALSE,FALSE,TRUE,FALSE,TR13B_HUMAN,TRUE,FALSE,FALSE,TRUE,TNFRSF13B + TNFSF13,NA,TNFSF13,TNFRSF13B,8741,23495
O75888,Q02223,TNFSF13,TNFRSF17,0.5,NA,NA,https://www.ncbi.nlm.nih.gov/pubmed/10898980,NA,TNF13_HUMAN,FALSE,FALSE,TRUE,FALSE,TNR17_HUMAN,TRUE,FALSE,FALSE,TRUE,TNFRSF17 + TNFSF13,NA,TNFSF13,TNFRSF17,8741,608
O14788,Q9Y6Q6,TNFSF11,TNFRSF11A,0.1,NA,NA,"https://www.ncbi.nlm.nih.gov/pubmed/16547002,https://www.ncbi.nlm.nih.gov/pubmed/19416721,https://www.ncbi.nlm.nih.gov/pubmed/20483727",NA,TNF11_HUMAN,TRUE,FALSE,TRUE,TRUE,TNR11_HUMAN,TRUE,FALSE,FALSE,TRUE,TNFSF11 + TNR11,NA,TNFSF11,TNFRSF11A,8600,8792
P50591,O14763,TNFSF10,TNFRSF10B,2,"PDB,SPR",5,"https://www.ncbi.nlm.nih.gov/pubmed/10549288,https://www.ncbi.nlm.nih.gov/pubmed/10770955",NA,TNF10_HUMAN,TRUE,FALSE,TRUE,FALSE,TR10B_HUMAN,TRUE,FALSE,FALSE,TRUE,TNFSF10 + TR10B,NA,TNFSF10,TNFRSF10B,8743,8795
O43508,Q9NP84,TNFSF12,TNFRSF12A,1.3,"SPR,Cell",4,"https://www.ncbi.nlm.nih.gov/pubmed/16526941,https://www.ncbi.nlm.nih.gov/pubmed/23667509,https://www.ncbi.nlm.nih.gov/pubmed/20385556/",estimates 0.8 - 2.4 nM,TNF12_HUMAN,TRUE,FALSE,TRUE,FALSE,TNR12_HUMAN,TRUE,FALSE,FALSE,TRUE,TNFSF12 + TNR12,NA,TNFSF12,TNFRSF12A,8742,51330
P50591,Q9UBN6,TNFSF10,TNFRSF10D,62,"ITC,SPR",4,"https://www.ncbi.nlm.nih.gov/pubmed/10770955,https://www.ncbi.nlm.nih.gov/pubmed/15823571/,https://www.ncbi.nlm.nih.gov/pubmed/9430226",koff = 4.38 ± 0.23 × 10?3 sec-1 ; kon = 7.04 ± 0.17 × 104 M-1sec-1,TNF10_HUMAN,TRUE,FALSE,TRUE,FALSE,TR10D_HUMAN,TRUE,FALSE,FALSE,TRUE,TNFSF10 + TR10D,NA,TNFSF10,TNFRSF10D,8743,8793
P01375,P19438,TNF,TNFRSF1A,NA,NA,NA,https://www.ncbi.nlm.nih.gov/pubmed/16547002,NA,TNFA_HUMAN,TRUE,FALSE,TRUE,FALSE,TNR1A_HUMAN,TRUE,FALSE,TRUE,TRUE,TNF + TNR1A,NA,TNF,TNFRSF1A,7124,7132
P48960,P08174,ADGRE5,CD55,86000,NA,NA,https://www.ncbi.nlm.nih.gov/pubmed/11297558,koff: 0.6 s-1,CD97_HUMAN,TRUE,FALSE,TRUE,TRUE,DAF_HUMAN,TRUE,FALSE,TRUE,TRUE,CD55 + CD97,NA,ADGRE5,CD55,976,1604
P29965,P08514,CD40LG,ITGA2B,30,NA,NA,https://www.ncbi.nlm.nih.gov/pubmed/11875495,koff: 5.77E-4 s-1,CD40L_HUMAN,TRUE,FALSE,TRUE,FALSE,ITA2B_HUMAN,TRUE,FALSE,FALSE,TRUE,CD40LG + ITGA2BB3,NA,CD40LG,ITGA2B,959,3674
P29965,P08648,CD40LG,ITGA5,120,NA,NA,https://www.ncbi.nlm.nih.gov/pmc/articles/PMC3365732/,koff: 1.84E-3 s-1,CD40L_HUMAN,TRUE,FALSE,TRUE,FALSE,ITA5_HUMAN,TRUE,FALSE,FALSE,TRUE,CD40LG + ITGA5B1,NA,CD40LG,ITGA5,959,3678
Q03405,P13612,PLAUR,ITGA4,NA,NA,NA,https://www.ncbi.nlm.nih.gov/pubmed/11053440,possibly a complex in cis,UPAR_HUMAN,TRUE,FALSE,TRUE,TRUE,ITA4_HUMAN,TRUE,FALSE,FALSE,TRUE,ITGA4B1 + PLAUR,NA,PLAUR,ITGA4,5329,3676
Q03405,P06756,PLAUR,ITGAV,NA,NA,NA,"https://www.ncbi.nlm.nih.gov/pubmed/11053440,https://www.ncbi.nlm.nih.gov/pubmed/15863511",possibly a complex in cis,UPAR_HUMAN,TRUE,FALSE,TRUE,TRUE,ITAV_HUMAN,TRUE,FALSE,FALSE,TRUE,ITGAVB3 + PLAUR,NA,PLAUR,ITGAV,5329,3685
P04216,P06756,THY1,ITGAV,NA,NA,NA,"https://www.ncbi.nlm.nih.gov/pubmed/29212879,https://www.ncbi.nlm.nih.gov/pubmed/18346467/,https://www.ncbi.nlm.nih.gov/pubmed/11470407/,https://www.ncbi.nlm.nih.gov/pubmed/15897908/","koff = 0.051 ± 0.003 s–1, mean rupture force 24 pN, free energy activation 5.54 ± 0.47 kBT",THY1_HUMAN,TRUE,FALSE,FALSE,FALSE,ITAV_HUMAN,TRUE,FALSE,FALSE,TRUE,ITGAVB3 + THY1,NA,THY1,ITGAV,7070,3685
P12830,P17301,CDH1,ITGA2,NA,NA,NA,https://www.ncbi.nlm.nih.gov/pubmed/12392763,NA,CADH1_HUMAN,TRUE,FALSE,FALSE,FALSE,ITA2_HUMAN,TRUE,FALSE,FALSE,TRUE,CDH1 + ITGA2B1,NA,CDH1,ITGA2,999,3673
P32004,P06756,L1CAM,ITGAV,NA,NA,NA,"https://www.ncbi.nlm.nih.gov/pmc/articles/PMC2132622/,https://www.ncbi.nlm.nih.gov/pubmed/8636223,https://www.ncbi.nlm.nih.gov/pmc/articles/PMC5190064/",NA,L1CAM_HUMAN,TRUE,FALSE,FALSE,FALSE,ITAV_HUMAN,TRUE,FALSE,FALSE,TRUE,ITGAVB3 + L1CAM,NA,L1CAM,ITGAV,3897,3685
P32004,P08648,L1CAM,ITGA5,NA,NA,1,https://www.ncbi.nlm.nih.gov/pmc/articles/PMC2120661/,little further study,L1CAM_HUMAN,TRUE,FALSE,FALSE,FALSE,ITA5_HUMAN,TRUE,FALSE,FALSE,TRUE,ITGA5B1 + L1CAM,NA,L1CAM,ITGA5,3897,3678
P32004,P32004,L1CAM,L1CAM,116,NA,NA,https://www.ncbi.nlm.nih.gov/pubmed/18701456/,koff: 0.00997 s-1; kon: 85700 Ms,L1CAM_HUMAN,TRUE,FALSE,FALSE,FALSE,L1CAM_HUMAN,TRUE,FALSE,FALSE,FALSE,L1CAM + L1CAM,NA,L1CAM,L1CAM,3897,3897
O00533,P32004,CHL1,L1CAM,1800,JS,NA,NA,NA,NCHL1_HUMAN,TRUE,FALSE,FALSE,FALSE,L1CAM_HUMAN,TRUE,FALSE,FALSE,FALSE,CHL1 + L1CAM,NA,CHL1,L1CAM,10752,3897
Q9BY67,Q9BY67,CADM1,CADM1,114.4,NA,NA,"https://www.ncbi.nlm.nih.gov/pubmed/24503895,https://www.ncbi.nlm.nih.gov/pubmed/30131958",kon:6.4×104 koff:7.3×10?3,CADM1_HUMAN,TRUE,FALSE,FALSE,FALSE,CADM1_HUMAN,TRUE,FALSE,FALSE,FALSE,CADM1 + CADM1,NA,CADM1,CADM1,23705,23705
Q9NPF0,Q86YT9,CD320,JAML,NA,JS,NA,NA,NA,CD320_HUMAN,TRUE,FALSE,FALSE,FALSE,JAML_HUMAN,TRUE,FALSE,FALSE,FALSE,CD320 + JAML,NA,CD320,JAML,51293,120425
P57087,Q9BX67,JAM2,JAM3,NA,NA,NA,"https://www.ncbi.nlm.nih.gov/pmc/articles/PMC1237098/,https://www.ncbi.nlm.nih.gov/pubmed/11590146",NA,JAM2_HUMAN,TRUE,FALSE,FALSE,FALSE,JAM3_HUMAN,TRUE,FALSE,TRUE,FALSE,JAM2 + JAM3,NA,JAM2,JAM3,58494,83700
P57087,P13612,JAM2,ITGA4,NA,NA,NA,https://www.ncbi.nlm.nih.gov/pubmed/12070135/,NA,JAM2_HUMAN,TRUE,FALSE,FALSE,FALSE,ITA4_HUMAN,TRUE,FALSE,FALSE,TRUE,ITGA4B1 + JAM2,NA,JAM2,ITGA4,58494,3676
Q12860,P43121,CNTN1,MCAM,7400,JS,NA,NA,NA,CNTN1_HUMAN,TRUE,FALSE,FALSE,FALSE,MUC18_HUMAN,TRUE,FALSE,FALSE,FALSE,CNTN1 + MCAM,NA,CNTN1,MCAM,1272,4162
P13591,P13591,NCAM1,NCAM1,55000,NA,NA,https://www.ncbi.nlm.nih.gov/pubmed/9092558,NA,NCAM1_HUMAN,TRUE,FALSE,TRUE,TRUE,NCAM1_HUMAN,TRUE,FALSE,TRUE,TRUE,NCAM1 + NCAM1,NA,NCAM1,NCAM1,4684,4684
P13591,P11362,NCAM1,FGFR1,9970,NA,NA,https://www.ncbi.nlm.nih.gov/pubmed/12791257,"kon 889 ± 332 M?1 s?1, koff 5.56 ± 0.07 × 10?3 s?1",NCAM1_HUMAN,TRUE,FALSE,TRUE,TRUE,FGFR1_HUMAN,TRUE,FALSE,FALSE,TRUE,FGFR1 + NCAM1,NA,NCAM1,FGFR1,4684,2260
Q9NNX6,P32942,CD209,ICAM3,1100,NA,NA,https://www.ncbi.nlm.nih.gov/pubmed/15795245,NA,CD209_HUMAN,TRUE,FALSE,TRUE,TRUE,ICAM3_HUMAN,TRUE,FALSE,FALSE,FALSE,CD209 + ICAM3,NA,CD209,ICAM3,30835,3385
Q9H2X3,P32942,CLEC4M,ICAM3,15000,NA,NA,https://www.ncbi.nlm.nih.gov/pubmed/15795245,NA,CLC4M_HUMAN,TRUE,FALSE,TRUE,TRUE,ICAM3_HUMAN,TRUE,FALSE,FALSE,FALSE,CLC4M + ICAM3,NA,CLEC4M,ICAM3,10332,3385
P31358,Q96LC7,CD52,SIGLEC10,NA,NA,NA,https://www.ncbi.nlm.nih.gov/pubmed/23685786,NA,CD52_HUMAN,TRUE,FALSE,FALSE,FALSE,SIG10_HUMAN,TRUE,FALSE,TRUE,FALSE,CD52 + SIGLEC10,NA,1043,SIGLEC10,1043,89790
P16070,P16581,CD44,SELE,663,NA,NA,https://www.ncbi.nlm.nih.gov/pmc/articles/PMC4571854/,"kon: 226 ± 28 m?1 s?1, koff: 1.5 × 10?4 ± 0.1 × 10?4 s?1, KD with 50 mM NaCl is 137 nM",CD44_HUMAN,TRUE,FALSE,FALSE,TRUE,LYAM2_HUMAN,TRUE,FALSE,FALSE,FALSE,CD44 + LYAM2,NA,CD44,SELE,960,6401
Q14242,P16581,SELPLG,SELE,1150,NA,NA,https://www.ncbi.nlm.nih.gov/pmc/articles/PMC4571854/,"kon: 118 165 ± 13 m?1 s?1, koff: 1.9 × 10?4 ± 0.2 × 10?4, KD with 50 mM NaCl is 178 nM",SELPL_HUMAN,TRUE,FALSE,FALSE,TRUE,LYAM2_HUMAN,TRUE,FALSE,FALSE,FALSE,LYAM2 + SELPLG,NA,SELPLG,SELE,6404,6401
Q92896,P16581,GLG1,SELE,62000,NA,NA,https://www.ncbi.nlm.nih.gov/pubmed/11404363/,"koff: 4.6 s(-1), kon: 7.4 x 10(4) m(-1) s(-1)",GSLG1_HUMAN,TRUE,FALSE,FALSE,FALSE,LYAM2_HUMAN,TRUE,FALSE,FALSE,FALSE,GLG1 + LYAM2,NA,GLG1,SELE,2734,6401
P14151,Q14242,SELL,SELPLG,47000,NA,NA,"https://www.ncbi.nlm.nih.gov/pmc/articles/PMC2431087/,https://www.ncbi.nlm.nih.gov/pubmed/8892633,https://www.ncbi.nlm.nih.gov/pubmed/8896607",sialyation-dependent (6-sulfo SLe^x),LYAM1_HUMAN,TRUE,FALSE,FALSE,FALSE,SELPL_HUMAN,TRUE,FALSE,FALSE,TRUE,SELL + SELPLG,NA,SELL,SELPLG,6402,6404
P14151,O00592,SELL,PODXL,NA,"IP,Roll",1.5,"https://www.ncbi.nlm.nih.gov/pubmed/19118161/,https://www.ncbi.nlm.nih.gov/pubmed/22814396",sialyation-dependent,LYAM1_HUMAN,TRUE,FALSE,FALSE,FALSE,PODXL_HUMAN,TRUE,FALSE,FALSE,FALSE,PODXL + SELL,NA,SELL,PODXL,6402,5420
P16109,Q14242,SELP,SELPLG,224,NA,NA,"https://www.ncbi.nlm.nih.gov/pubmed/19118202,https://www.ncbi.nlm.nih.gov/pubmed/9829984,https://www.ncbi.nlm.nih.gov/pubmed/12393589",sialyation-dependent;estimates 224-403; koff:1.4 ± 0.1 s?1,LYAM3_HUMAN,TRUE,FALSE,FALSE,FALSE,SELPL_HUMAN,TRUE,FALSE,FALSE,TRUE,SELP + SELPLG,NA,SELP,SELPLG,6403,6404
P13688,Q9NNX6,CEACAM1,CD209,NA,NA,NA,"https://www.ncbi.nlm.nih.gov/pubmed/16282604,https://www.ncbi.nlm.nih.gov/pubmed/16246332",sialyation-dependent,CEAM1_HUMAN,TRUE,FALSE,TRUE,FALSE,CD209_HUMAN,TRUE,FALSE,TRUE,TRUE,CD209 + CEACAM1,NA,CEACAM1,CD209,634,30835
P13688,P16581,CEACAM1,SELE,NA,NA,NA,https://www.ncbi.nlm.nih.gov/pubmed/1378450,sialyation-dependent,CEAM1_HUMAN,TRUE,FALSE,TRUE,FALSE,LYAM2_HUMAN,TRUE,FALSE,FALSE,FALSE,CEACAM1 + LYAM2,NA,CEACAM1,SELE,634,6401
P40199,P31997,CEACAM6,CEACAM8,NA,NA,NA,https://www.ncbi.nlm.nih.gov/pubmed/11590190,NA,CEAM6_HUMAN,TRUE,FALSE,FALSE,FALSE,CEAM8_HUMAN,TRUE,FALSE,FALSE,FALSE,CEACAM6 + CEACAM8,NA,4680,1088,4680,1088
P40199,P40199,CEACAM6,CEACAM6,NA,NA,NA,https://www.ncbi.nlm.nih.gov/pubmed/11590190,NA,CEAM6_HUMAN,TRUE,FALSE,FALSE,FALSE,CEAM6_HUMAN,TRUE,FALSE,FALSE,FALSE,CEACAM6 + CEACAM6,NA,4680,4680,4680,4680
P12830,P12830,CDH1,CDH1,96500,NA,NA,"https://www.ncbi.nlm.nih.gov/pubmed/25253890,https://www.ncbi.nlm.nih.gov/pubmed/19553217",another estimate of 156 uM,CADH1_HUMAN,TRUE,FALSE,FALSE,FALSE,CADH1_HUMAN,TRUE,FALSE,FALSE,FALSE,CDH1 + CDH1,NA,CDH1,CDH1,999,999
Q02413,Q08554,DSG1,DSC1,3550,"SPR,Bead",3,https://www.ncbi.nlm.nih.gov/pubmed/27298358,NA,DSG1_HUMAN,TRUE,FALSE,FALSE,FALSE,DSC1_HUMAN,TRUE,FALSE,FALSE,FALSE,DSC1 + DSG1,NA,DSG1,DSC1,1828,1823
Q02413,Q02487,DSG1,DSC2,21900,"SPR,Bead",3,https://www.ncbi.nlm.nih.gov/pubmed/27298358,NA,DSG1_HUMAN,TRUE,FALSE,FALSE,FALSE,DSC2_HUMAN,TRUE,FALSE,FALSE,FALSE,DSC2 + DSG1,NA,DSG1,DSC2,1828,1824
Q02413,Q14574,DSG1,DSC3,18100,"SPR,Bead",3,https://www.ncbi.nlm.nih.gov/pubmed/27298358,NA,DSG1_HUMAN,TRUE,FALSE,FALSE,FALSE,DSC3_HUMAN,TRUE,FALSE,FALSE,FALSE,DSC3 + DSG1,NA,DSG1,DSC3,1828,1825
Q14126,Q08554,DSG2,DSC1,11520,"SPR,Bead",3,https://www.ncbi.nlm.nih.gov/pubmed/27298358,NA,DSG2_HUMAN,TRUE,FALSE,FALSE,FALSE,DSC1_HUMAN,TRUE,FALSE,FALSE,FALSE,DSC1 + DSG2,NA,DSG2,DSC1,1829,1823
Q14126,Q02487,DSG2,DSC2,29000,"SPR,Bead",4,https://www.ncbi.nlm.nih.gov/pubmed/27298358,residues for binding mapped by SPR,DSG2_HUMAN,TRUE,FALSE,FALSE,FALSE,DSC2_HUMAN,TRUE,FALSE,FALSE,FALSE,DSC2 + DSG2,NA,DSG2,DSC2,1829,1824
Q14126,Q14574,DSG2,DSC3,34400,"SPR,Bead",3,https://www.ncbi.nlm.nih.gov/pubmed/27298358,NA,DSG2_HUMAN,TRUE,FALSE,FALSE,FALSE,DSC3_HUMAN,TRUE,FALSE,FALSE,FALSE,DSC3 + DSG2,NA,DSG2,DSC3,1829,1825
Q96AP7,Q96AP7,ESAM,ESAM,NA,NA,NA,https://www.ncbi.nlm.nih.gov/pubmed/11279107,by cell aggregation assay,ESAM_HUMAN,TRUE,FALSE,FALSE,FALSE,ESAM_HUMAN,TRUE,FALSE,FALSE,FALSE,ESAM + ESAM,NA,ESAM,ESAM,90952,90952
Q12860,Q92823,CNTN1,NRCAM,4500,JS,NA,NA,NA,CNTN1_HUMAN,TRUE,FALSE,FALSE,FALSE,NRCAM_HUMAN,TRUE,FALSE,FALSE,FALSE,CNTN1 + NRCAM,NA,CNTN1,NRCAM,1272,4897
P98172,P29317,EFNB1,EPHA2,41000,JS,NA,NA,NA,EFNB1_HUMAN,TRUE,FALSE,FALSE,FALSE,EPHA2_HUMAN,TRUE,FALSE,FALSE,TRUE,EFNB1 + EPHA2,NA,EFNB1,EPHA2,1947,1969
P98172,P54764,EFNB1,EPHA4,25000,JS,NA,NA,NA,EFNB1_HUMAN,TRUE,FALSE,FALSE,FALSE,EPHA4_HUMAN,TRUE,FALSE,FALSE,TRUE,EFNB1 + EPHA4,NA,EFNB1,EPHA4,1947,2043
P98172,P54762,EFNB1,EPHB1,0.72,Cell,4,"https://www.ncbi.nlm.nih.gov/pubmed/8918835,https://www.ncbi.nlm.nih.gov/pubmed/7973638",estimates Kd 0.3-1.16 nM,EFNB1_HUMAN,TRUE,FALSE,FALSE,FALSE,EPHB1_HUMAN,TRUE,FALSE,FALSE,TRUE,EFNB1 + EPHB1,NA,EFNB1,EPHB1,1947,2047
P98172,P29323,EFNB1,EPHB2,0.66,Cell,4,"https://www.ncbi.nlm.nih.gov/pubmed/8918835,https://www.ncbi.nlm.nih.gov/pubmed/9233799,https://www.ncbi.nlm.nih.gov/pubmed/8755474",estimates Kd 0.42-0.81 nM,EFNB1_HUMAN,TRUE,FALSE,FALSE,FALSE,EPHB2_HUMAN,TRUE,FALSE,FALSE,TRUE,EFNB1 + EPHB2,NA,EFNB1,EPHB2,1947,2048
P05067,Q7Z4F1,APP,LRP10,NA,NA,NA,https://www.ncbi.nlm.nih.gov/pmc/articles/PMC3520120/,extracellular domains but mostly tested by IP,A4_HUMAN,TRUE,FALSE,TRUE,FALSE,LRP10_HUMAN,TRUE,FALSE,FALSE,FALSE,APP + LRP10,NA,APP,LRP10,351,26020
P05067,P04233,APP,CD74,NA,"IP,YUBQ",1,https://www.ncbi.nlm.nih.gov/pubmed/19849849,claim interaction domain localized to last 100 aa or first 20 aa,A4_HUMAN,TRUE,FALSE,TRUE,FALSE,HG2A_HUMAN,TRUE,FALSE,FALSE,TRUE,APP + CD74,NA,APP,CD74,351,972
P05067,O75509,APP,TNFRSF21,NA,Cell,2,https://www.ncbi.nlm.nih.gov/pmc/articles/PMC2677572/,NA,A4_HUMAN,TRUE,FALSE,TRUE,FALSE,TNR21_HUMAN,TRUE,FALSE,FALSE,TRUE,APP + TNFRSF21,NA,APP,TNFRSF21,351,27242
P18827,O75509,SDC1,TNFRSF21,NA,"Cell,IP",2,https://www.ncbi.nlm.nih.gov/pubmed/28045014,NA,SDC1_HUMAN,TRUE,FALSE,FALSE,FALSE,TNR21_HUMAN,TRUE,FALSE,FALSE,TRUE,SDC1 + TNFRSF21,NA,SDC1,TNFRSF21,6382,27242
Q6UXB8,O75509,PI16,TNFRSF21,18000,JS,NA,NA,NA,PI16_HUMAN,TRUE,FALSE,TRUE,FALSE,TNR21_HUMAN,TRUE,FALSE,FALSE,TRUE,PI16 + TNFRSF21,NA,PI16,TNFRSF21,221476,27242
Q06481,P01833,APLP2,PIGR,800,JS,NA,NA,NA,APLP2_HUMAN,TRUE,FALSE,FALSE,FALSE,PIGR_HUMAN,TRUE,FALSE,FALSE,FALSE,APLP2 + PIGR,NA,APLP2,PIGR,334,5284
Q06481,Q9HCM2,APLP2,PLXNA4,2600,JS,NA,NA,NA,APLP2_HUMAN,TRUE,FALSE,FALSE,FALSE,PLXA4_HUMAN,TRUE,FALSE,FALSE,TRUE,APLP2 + PLX4,NA,APLP2,PLXNA4,334,91584
P05067,Q9HCM2,APP,PLXNA4,16000,JS,NA,NA,NA,A4_HUMAN,TRUE,FALSE,TRUE,FALSE,PLXA4_HUMAN,TRUE,FALSE,FALSE,TRUE,APP + PLX4,NA,APP,PLXNA4,351,91584
P33681,P08138,CD80,NGFR,6400,JS,NA,NA,NA,CD80_HUMAN,TRUE,FALSE,FALSE,TRUE,TNR16_HUMAN,TRUE,FALSE,FALSE,TRUE,CD80 + TNR16,NA,CD80,NGFR,941,4804
Q92854,P21854,SEMA4D,CD72,300,NA,NA,https://www.ncbi.nlm.nih.gov/pubmed/11114375,NA,SEM4D_HUMAN,TRUE,FALSE,FALSE,TRUE,CD72_HUMAN,TRUE,FALSE,FALSE,FALSE,CD72 + SEMA4D,NA,SEMA4D,CD72,10507,971
Q9H3S1,Q9Y4D7,SEMA4A,PLXND1,9,NA,NA,https://www.ncbi.nlm.nih.gov/pubmed/17318185,NA,SEM4A_HUMAN,TRUE,FALSE,FALSE,FALSE,PLXD1_HUMAN,TRUE,FALSE,FALSE,TRUE,PLXND1 + SEMA4A,NA,SEMA4A,PLXND1,64218,23129
O75326,O60486,SEMA7A,PLXNC1,350,NA,NA,https://www.ncbi.nlm.nih.gov/pubmed/20727575,NA,SEM7A_HUMAN,TRUE,FALSE,FALSE,FALSE,PLXC1_HUMAN,TRUE,FALSE,FALSE,TRUE,PLXNC1 + SEMA7A,NA,SEMA7A,PLXNC1,8482,10154
O15031,Q92854,PLXNB2,SEMA4D,NA,"SPR,Cell,Pheno",NA,https://www.ncbi.nlm.nih.gov/pubmed/22902232,biphasic SPR preventing quantification,PLXB2_HUMAN,TRUE,FALSE,FALSE,TRUE,SEM4D_HUMAN,TRUE,FALSE,FALSE,TRUE,PLXNB2 + SEMA4D,NA,PLXNB2,SEMA4D,23654,10507
Q9ULL4,Q92854,PLXNB3,SEMA4D,800,JS,NA,NA,NA,PLXB3_HUMAN,TRUE,FALSE,FALSE,TRUE,SEM4D_HUMAN,TRUE,FALSE,FALSE,TRUE,PLXNB3 + SEMA4D,NA,PLXNB3,SEMA4D,5365,10507
Q9C0C4,O15031,SEMA4C,PLXNB2,0.95,Cell,3,"https://www.ncbi.nlm.nih.gov/pubmed/17554007,https://www.ncbi.nlm.nih.gov/pubmed/21035938",NA,SEM4C_HUMAN,TRUE,FALSE,FALSE,TRUE,PLXB2_HUMAN,TRUE,FALSE,FALSE,TRUE,PLXNB2 + SEMA4C,NA,SEMA4C,PLXNB2,54910,23654
P22455,Q03167,FGFR4,TGFBR3,1600,JS,NA,NA,NA,FGFR4_HUMAN,TRUE,FALSE,TRUE,TRUE,TGBR3_HUMAN,TRUE,FALSE,TRUE,TRUE,FGFR4 + TGFBR3,NA,FGFR4,TGFBR3,2264,7049
Q9NPH3,P10586,IL1RAP,PTPRF,19000,JS,NA,NA,NA,IL1AP_HUMAN,TRUE,FALSE,TRUE,TRUE,PTPRF_HUMAN,TRUE,FALSE,FALSE,TRUE,IL1RAP + PTPRF,NA,IL1RAP,PTPRF,3556,5792
P49771,P36888,FLT3LG,FLT3,8.7,"PDB,ITC",5,https://www.ncbi.nlm.nih.gov/pubmed/21389326,NA,FLT3L_HUMAN,TRUE,FALSE,TRUE,FALSE,FLT3_HUMAN,TRUE,FALSE,FALSE,TRUE,FLT3 + FLT3LG,NA,FLT3LG,FLT3,2323,2322
P78504,P15529,JAG1,CD46,8000,NA,NA,https://www.ncbi.nlm.nih.gov/pubmed/23086448,NA,JAG1_HUMAN,TRUE,FALSE,FALSE,FALSE,MCP_HUMAN,TRUE,FALSE,FALSE,TRUE,CD46 + JAG1,NA,JAG1,CD46,182,4179
P78504,Q6EMK4,JAG1,VASN,1900,JS,NA,NA,NA,JAG1_HUMAN,TRUE,FALSE,FALSE,FALSE,VASN_HUMAN,TRUE,FALSE,FALSE,TRUE,JAG1 + VASN,NA,JAG1,VASN,182,114990
Q9Y219,Q6EMK4,JAG2,VASN,14000,JS,NA,NA,NA,JAG2_HUMAN,TRUE,FALSE,FALSE,FALSE,VASN_HUMAN,TRUE,FALSE,FALSE,TRUE,JAG2 + VASN,NA,JAG2,VASN,3714,114990
P78380,Q8IW52,OLR1,SLITRK4,900,JS,NA,NA,NA,OLR1_HUMAN,TRUE,FALSE,FALSE,TRUE,SLIK4_HUMAN,TRUE,FALSE,FALSE,TRUE,OLR1 + SLITRK4,NA,OLR1,SLITRK4,4973,139065
Q9NPY3,P15260,CD93,IFNGR1,NA,JS,NA,NA,NA,C1QR1_HUMAN,TRUE,FALSE,FALSE,FALSE,INGR1_HUMAN,TRUE,FALSE,FALSE,TRUE,CD93 + IFNGR1,NA,CD93,IFNGR1,22918,3459
