Uniprot_L,Uniprot_R,Gene_L,Gene_R,Kd_nM,Method,Confidence,log10_Kd_nM,Ref_csv,protein_identifier_1,transmembrane_1,peripheral_1,secreted_1,receptor_1,protein_identifier_2,transmembrane_2,peripheral_2,secreted_2,receptor_2,pair_label
P41217,Q8TD46,CD200,CD200R1,2500,"SPR,Cell",5,3.398113692,https://www.ncbi.nlm.nih.gov/m/pubmed/10981966/,OX2G_HUMAN,TRUE,FALSE,FALSE,FALSE,MO2R1_HUMAN,TRUE,FALSE,TRUE,TRUE,CD200 + CD200R1
P16284,P16284,PECAM1,PECAM1,12000,"PDB,AUC,MS",5,4.079217436,"https://www.ncbi.nlm.nih.gov/pubmed/10425179,https://www.ncbi.nlm.nih.gov/pubmed/26702061",PECA1_HUMAN,TRUE,FALSE,FALSE,TRUE,PECA1_HUMAN,TRUE,FALSE,FALSE,TRUE,PECAM1 + PECAM1
P14151,Q14242,SELL,SELPLG,47000,NA,NA,4.672107098,"https://www.ncbi.nlm.nih.gov/pmc/articles/PMC2431087/,https://www.ncbi.nlm.nih.gov/pubmed/8892633,https://www.ncbi.nlm.nih.gov/pubmed/8896607",LYAM1_HUMAN,TRUE,FALSE,FALSE,FALSE,SELPL_HUMAN,TRUE,FALSE,FALSE,TRUE,SELL + SELPLG
P14151,O00592,SELL,PODXL,NA,"IP,Roll",1.5,#VALUE!,"https://www.ncbi.nlm.nih.gov/pubmed/19118161/,https://www.ncbi.nlm.nih.gov/pubmed/22814396",LYAM1_HUMAN,TRUE,FALSE,FALSE,FALSE,PODXL_HUMAN,TRUE,FALSE,FALSE,FALSE,PODXL + SELL
P16109,Q14242,SELP,SELPLG,224,NA,NA,2.352182518,"https://www.ncbi.nlm.nih.gov/pubmed/19118202,https://www.ncbi.nlm.nih.gov/pubmed/9829984,https://www.ncbi.nlm.nih.gov/pubmed/12393589",LYAM3_HUMAN,TRUE,FALSE,FALSE,FALSE,SELPL_HUMAN,TRUE,FALSE,FALSE,TRUE,SELP + SELPLG
P06729,P19256,CD2,CD58,10000,NA,NA,4.000043427,"https://www.ncbi.nlm.nih.gov/pmc/articles/PMC1779959/,https://www.ncbi.nlm.nih.gov/pmc/articles/PMC2196039/",CD2_HUMAN,TRUE,FALSE,FALSE,TRUE,LFA3_HUMAN,TRUE,FALSE,FALSE,FALSE,CD2 + CD58
P29965,P25942,CD40LG,CD40,7,"PDB,SPR,Radio",5,0.903089987,"https://www.ncbi.nlm.nih.gov/pubmed/9030600,https://www.ncbi.nlm.nih.gov/pmc/articles/PMC3567247/,https://www.ncbi.nlm.nih.gov/pubmed/26721880",CD40L_HUMAN,TRUE,FALSE,TRUE,FALSE,TNR5_HUMAN,TRUE,FALSE,TRUE,TRUE,CD40 + CD40LG
Q92692,Q15762,PVRL2,CD226,310,NA,NA,2.492760389,"https://www.ncbi.nlm.nih.gov/pubmed/15039383,https://www.ncbi.nlm.nih.gov/pubmed/22547693",PVRL2_HUMAN,TRUE,FALSE,FALSE,TRUE,CD226_HUMAN,TRUE,FALSE,FALSE,TRUE,CD226 + PVRL2
P15151,Q15762,PVR,CD226,230,NA,NA,2.36361198,https://www.ncbi.nlm.nih.gov/pubmed/15039383,PVR_HUMAN,TRUE,FALSE,TRUE,TRUE,CD226_HUMAN,TRUE,FALSE,FALSE,TRUE,CD226 + PVR
P15151,Q495A1,PVR,TIGIT,3,NA,NA,0.602059991,"https://www.ncbi.nlm.nih.gov/pubmed/19011627/,https://www.ncbi.nlm.nih.gov/pmc/articles/PMC3325733/,https://www.ncbi.nlm.nih.gov/pubmed/28515320,https://www.ncbi.nlm.nih.gov/pubmed/27978489",PVR_HUMAN,TRUE,FALSE,TRUE,TRUE,TIGIT_HUMAN,TRUE,FALSE,FALSE,FALSE,PVR + TIGIT
Q92692,Q495A1,PVRL2,TIGIT,5800,NA,NA,3.763502865,"https://www.ncbi.nlm.nih.gov/pubmed/28515320,https://www.ncbi.nlm.nih.gov/pubmed/27978489",PVRL2_HUMAN,TRUE,FALSE,FALSE,TRUE,TIGIT_HUMAN,TRUE,FALSE,FALSE,FALSE,PVRL2 + TIGIT
Q92692,Q92692,PVRL2,PVRL2,392,NA,NA,2.59439255,https://www.ncbi.nlm.nih.gov/pubmed/22902367,PVRL2_HUMAN,TRUE,FALSE,FALSE,TRUE,PVRL2_HUMAN,TRUE,FALSE,FALSE,TRUE,PVRL2 + PVRL2
P40200,P15151,CD96,PVR,38,NA,NA,1.591064607,https://www.ncbi.nlm.nih.gov/pubmed/19011627,TACT_HUMAN,TRUE,FALSE,FALSE,TRUE,PVR_HUMAN,TRUE,FALSE,TRUE,TRUE,CD96 + PVR
P33681,P10747,CD80,CD28,2900,NA,NA,3.462547729,"https://www.nature.com/articles/ni737,https://www.ncbi.nlm.nih.gov/pubmed/12196291",CD80_HUMAN,TRUE,FALSE,FALSE,TRUE,CD28_HUMAN,TRUE,FALSE,FALSE,FALSE,CD28 + CD80
P42081,P10747,CD86,CD28,19000,NA,NA,4.278776458,https://www.ncbi.nlm.nih.gov/pubmed/12196291,CD86_HUMAN,TRUE,FALSE,FALSE,TRUE,CD28_HUMAN,TRUE,FALSE,FALSE,FALSE,CD28 + CD86
P33681,P16410,CD80,CTLA4,420,NA,NA,2.624282096,"https://www.ncbi.nlm.nih.gov/pmc/articles/PMC2196039/,https://www.ncbi.nlm.nih.gov/pubmed/9053440",CD80_HUMAN,TRUE,FALSE,FALSE,TRUE,CTLA4_HUMAN,TRUE,FALSE,FALSE,FALSE,CD80 + CTLA4
P42081,P16410,CD86,CTLA4,2600,NA,NA,3.415140352,"https://www.ncbi.nlm.nih.gov/pubmed/12196291,https://www.nature.com/articles/nri3108",CD86_HUMAN,TRUE,FALSE,FALSE,TRUE,CTLA4_HUMAN,TRUE,FALSE,FALSE,FALSE,CD86 + CTLA4
P01375,P20333,TNF,TNFRSF1B,0.42,NA,NA,0.152288344,"https://www.ncbi.nlm.nih.gov/pmc/articles/PMC18461/,https://www.ncbi.nlm.nih.gov/pubmed/26721880",TNFA_HUMAN,TRUE,FALSE,TRUE,FALSE,TNR1B_HUMAN,TRUE,FALSE,TRUE,TRUE,TNF + TNFRSF1B
P29965,P08514,CD40LG,ITGA2BB3,30,NA,NA,1.491361694,https://www.ncbi.nlm.nih.gov/pubmed/11875495,CD40L_HUMAN,TRUE,FALSE,TRUE,FALSE,ITA2B_HUMAN,TRUE,FALSE,FALSE,TRUE,CD40LG + ITGA2BB3
P29965,P08648,CD40LG,ITGA5B1,120,NA,NA,2.08278537,https://www.ncbi.nlm.nih.gov/pmc/articles/PMC3365732/,CD40L_HUMAN,TRUE,FALSE,TRUE,FALSE,ITA5_HUMAN,TRUE,FALSE,FALSE,TRUE,CD40LG + ITGA5B1
P23510,P43489,TNFSF4,TNFRSF4,1,NA,NA,0.301029996,https://www.ncbi.nlm.nih.gov/pubmed/26721880,TNFL4_HUMAN,TRUE,FALSE,FALSE,FALSE,TNR4_HUMAN,TRUE,FALSE,FALSE,TRUE,TNFRSF4 + TNFSF4
P32970,P26842,CD70,CD27,0.8,NA,NA,0.255272505,https://www.ncbi.nlm.nih.gov/pubmed/26721880,CD70_HUMAN,FALSE,FALSE,TRUE,FALSE,CD27_HUMAN,TRUE,FALSE,FALSE,TRUE,CD27 + CD70
P48023,P25445,FASLG,FAS,1.6,NA,NA,0.414973348,https://www.ncbi.nlm.nih.gov/pubmed/26721880,TNFL6_HUMAN,TRUE,FALSE,TRUE,FALSE,TNR6_HUMAN,TRUE,FALSE,TRUE,TRUE,FAS + FASLG
P41273,Q07011,TNFSF9,TNFRSF9,2,NA,NA,0.477121255,https://www.ncbi.nlm.nih.gov/pubmed/26721880,TNFL9_HUMAN,TRUE,FALSE,TRUE,FALSE,TNR9_HUMAN,TRUE,FALSE,FALSE,TRUE,TNFRSF9 + TNFSF9
O43557,Q92956,TNFSF14,TNFRSF14,0.18,NA,NA,0.071882007,https://www.ncbi.nlm.nih.gov/pubmed/26721880,TNF14_HUMAN,TRUE,FALSE,TRUE,FALSE,TNR14_HUMAN,TRUE,FALSE,FALSE,TRUE,TNFRSF14 + TNFSF14
P50591,O00220,TNFSF10,TNFRSF10A,4,NA,NA,0.698970004,https://www.ncbi.nlm.nih.gov/pubmed/26721880,TNF10_HUMAN,TRUE,FALSE,TRUE,FALSE,TR10A_HUMAN,TRUE,FALSE,FALSE,TRUE,TNFRSF10A + TNFSF10
P50591,O14798,TNFSF10,TNFRSF10C,3.7,NA,NA,0.672097858,https://www.ncbi.nlm.nih.gov/pubmed/26721880,TNF10_HUMAN,TRUE,FALSE,TRUE,FALSE,TR10C_HUMAN,TRUE,FALSE,FALSE,TRUE,TNFRSF10C + TNFSF10
Q9Y275,Q96RJ3,TNFSF13B,TNFRSF13C,0.13,NA,NA,0.053078443,https://www.ncbi.nlm.nih.gov/pubmed/26721880,TN13B_HUMAN,TRUE,FALSE,TRUE,FALSE,TR13C_HUMAN,TRUE,FALSE,FALSE,TRUE,TNFRSF13C + TNFSF13B
Q9Y275,Q02223,TNFSF13B,TNFRSF17,0.22,NA,NA,0.086359831,https://www.ncbi.nlm.nih.gov/pubmed/26721880,TN13B_HUMAN,TRUE,FALSE,TRUE,FALSE,TNR17_HUMAN,TRUE,FALSE,FALSE,TRUE,TNFRSF17 + TNFSF13B
Q9Y275,O14836,TNFSF13B,TNFRSF13B,0.27,NA,NA,0.103803721,"https://www.ncbi.nlm.nih.gov/pubmed/26721880,https://www.ncbi.nlm.nih.gov/pubmed/10956646",TN13B_HUMAN,TRUE,FALSE,TRUE,FALSE,TR13B_HUMAN,TRUE,FALSE,FALSE,TRUE,TNFRSF13B + TNFSF13B
P19320,P13612,VCAM1,ITGA4B1,40,NA,NA,1.612783857,https://www.ncbi.nlm.nih.gov/pmc/articles/PMC4368157/,VCAM1_HUMAN,TRUE,FALSE,FALSE,FALSE,ITA4_HUMAN,TRUE,FALSE,FALSE,TRUE,ITGA4B1 + VCAM1
P19320,P26010,VCAM1,ITGA4B7,NA,NA,NA,#VALUE!,https://www.ncbi.nlm.nih.gov/pubmed/7534304,VCAM1_HUMAN,TRUE,FALSE,FALSE,FALSE,ITB7_HUMAN,TRUE,FALSE,FALSE,TRUE,ITGA4B7 + VCAM1
P05362,P20701,ICAM1,ITGALB2,500,NA,NA,2.699837726,https://www.ncbi.nlm.nih.gov/pubmed/9780171,ICAM1_HUMAN,TRUE,FALSE,FALSE,TRUE,ITAL_HUMAN,TRUE,FALSE,FALSE,TRUE,ICAM1 + ITGALB2
P13598,P20701,ICAM2,ITGALB2,600,NA,NA,2.778874472,https://www.ncbi.nlm.nih.gov/pubmed/11353828/,ICAM2_HUMAN,TRUE,FALSE,FALSE,FALSE,ITAL_HUMAN,TRUE,FALSE,FALSE,TRUE,ICAM2 + ITGALB2
P32942,P20701,ICAM3,ITGALB2,25000,NA,NA,4.39795738,"https://www.ncbi.nlm.nih.gov/pubmed/15728350,https://www.ncbi.nlm.nih.gov/pubmed/11353828/",ICAM3_HUMAN,TRUE,FALSE,FALSE,FALSE,ITAL_HUMAN,TRUE,FALSE,FALSE,TRUE,ICAM3 + ITGALB2
Q14773,P20701,ICAM4,ITGALB2,NA,NA,NA,#VALUE!,https://www.ncbi.nlm.nih.gov/pubmed/10846180,ICAM4_HUMAN,TRUE,FALSE,TRUE,FALSE,ITAL_HUMAN,TRUE,FALSE,FALSE,TRUE,ICAM4 + ITGALB2
P05362,P11215,ICAM1,ITGAMB2,680,NA,NA,2.833147112,https://www.ncbi.nlm.nih.gov/pubmed/16252253,ICAM1_HUMAN,TRUE,FALSE,FALSE,TRUE,ITAM_HUMAN,TRUE,FALSE,FALSE,TRUE,ICAM1 + ITGAMB2
P05362,P20702,ICAM1,ITGAXB2,3900,NA,NA,3.59117595,https://www.ncbi.nlm.nih.gov/pubmed/16252253,ICAM1_HUMAN,TRUE,FALSE,FALSE,TRUE,ITAX_HUMAN,TRUE,FALSE,FALSE,TRUE,ICAM1 + ITGAXB2
P32942,Q13349,ICAM3,ITGADB2,1900,NA,NA,3.278982117,https://www.ncbi.nlm.nih.gov/pubmed/16239428,ICAM3_HUMAN,TRUE,FALSE,FALSE,FALSE,ITAD_HUMAN,TRUE,FALSE,FALSE,TRUE,ICAM3 + ITGADB2
P19320,Q13349,VCAM1,ITGADB2,8100,NA,NA,3.908538632,https://www.ncbi.nlm.nih.gov/pubmed/16239428,VCAM1_HUMAN,TRUE,FALSE,FALSE,FALSE,ITAD_HUMAN,TRUE,FALSE,FALSE,TRUE,ITGADB2 + VCAM1
Q9NZQ7,P33681,CD274,CD80,1500,NA,NA,3.176380692,"https://www.ncbi.nlm.nih.gov/pubmed/17629517,https://www.ncbi.nlm.nih.gov/pubmed/18585785,https://www.ncbi.nlm.nih.gov/pmc/articles/PMC3168865/",PD1L1_HUMAN,TRUE,FALSE,FALSE,TRUE,CD80_HUMAN,TRUE,FALSE,FALSE,TRUE,CD274 + CD80
Q9NZQ7,Q15116,CD274,PDCD1,590,NA,NA,2.771587481,"https://www.ncbi.nlm.nih.gov/pubmed/17629517,https://www.ncbi.nlm.nih.gov/pmc/articles/PMC3168865/",PD1L1_HUMAN,TRUE,FALSE,FALSE,TRUE,PDCD1_HUMAN,TRUE,FALSE,FALSE,TRUE,CD274 + PDCD1
Q9BQ51,Q15116,PD1L2,PDCD1,11,NA,NA,1.079181246,https://www.ncbi.nlm.nih.gov/pmc/articles/PMC3168865/,PD1L2_HUMAN,TRUE,FALSE,TRUE,TRUE,PDCD1_HUMAN,TRUE,FALSE,FALSE,TRUE,PD1L2 + PDCD1
Q9BZM4,P26718,ULBP3,KLRK1,4000,NA,NA,3.602168551,"https://www.ncbi.nlm.nih.gov/pubmed/12444134,https://www.ncbi.nlm.nih.gov/pubmed/28559451",N2DL3_HUMAN,TRUE,FALSE,FALSE,FALSE,NKG2D_HUMAN,TRUE,FALSE,FALSE,TRUE,KLRK1 + ULBP3
Q9H3S1,Q9Y4D7,SEMA4A,PLXND1,9,NA,NA,1,https://www.ncbi.nlm.nih.gov/pubmed/17318185,SEM4A_HUMAN,TRUE,FALSE,FALSE,FALSE,PLXD1_HUMAN,TRUE,FALSE,FALSE,TRUE,PLXND1 + SEMA4A
O75326,O60486,SEMA7A,PLXNC1,350,NA,NA,2.545307116,https://www.ncbi.nlm.nih.gov/pubmed/20727575,SEM7A_HUMAN,TRUE,FALSE,FALSE,FALSE,PLXC1_HUMAN,TRUE,FALSE,FALSE,TRUE,PLXNC1 + SEMA7A
Q10589,P59901,BST2,LILRA4,1000,NA,NA,3.000434077,https://www.ncbi.nlm.nih.gov/pubmed/19564354,BST2_HUMAN,TRUE,FALSE,FALSE,FALSE,LIRA4_HUMAN,TRUE,FALSE,FALSE,TRUE,BST2 + LILRA4
Q8N6Q3,P16284,CD177,PECAM1,815,NA,NA,2.911690159,https://www.ncbi.nlm.nih.gov/pubmed/17580308,CD177_HUMAN,TRUE,FALSE,FALSE,FALSE,PECA1_HUMAN,TRUE,FALSE,FALSE,TRUE,CD177 + PECAM1
Q9BX67,Q9BX67,JAM3,JAM3,9.6,NA,NA,1.025305865,https://www.ncbi.nlm.nih.gov/pubmed/16118203,JAM3_HUMAN,TRUE,FALSE,TRUE,FALSE,JAM3_HUMAN,TRUE,FALSE,TRUE,FALSE,JAM3 + JAM3
Q9BZW8,P09326,CD244,CD48,4000,NA,NA,3.602168551,"https://www.ncbi.nlm.nih.gov/pubmed/17950006,https://www.ncbi.nlm.nih.gov/pmc/articles/PMC2212392/",CD244_HUMAN,TRUE,FALSE,FALSE,TRUE,CD48_HUMAN,TRUE,FALSE,FALSE,FALSE,CD244 + CD48
Q13291,Q13291,SLAMF1,SLAMF1,200000,NA,NA,5.301032167,https://www.ncbi.nlm.nih.gov/pubmed/10831600,SLAF1_HUMAN,TRUE,FALSE,TRUE,TRUE,SLAF1_HUMAN,TRUE,FALSE,TRUE,TRUE,SLAMF1 + SLAMF1
P13747,P26715,HLAE,KLRC1D1,5000,"SPR,PDB",NA,3.699056855,"https://www.ncbi.nlm.nih.gov/pubmed/15728498,https://www.ncbi.nlm.nih.gov/pubmed/18448674",HLAE_HUMAN,TRUE,FALSE,FALSE,FALSE,NKG2A_HUMAN,TRUE,FALSE,FALSE,TRUE,HLAE + KLRC1D1
P13747,P26717,HLAE,KLRC2D1,28000,SPR,NA,4.447173542,https://www.ncbi.nlm.nih.gov/pubmed/15728498,HLAE_HUMAN,TRUE,FALSE,FALSE,FALSE,NKG2C_HUMAN,TRUE,FALSE,FALSE,TRUE,HLAE + KLRC2D1
P30511,P43630,HLAF,KIR3DL2,118,NA,NA,2.075546961,https://www.ncbi.nlm.nih.gov/pubmed/27455421,HLAF_HUMAN,TRUE,FALSE,FALSE,FALSE,KI3L2_HUMAN,TRUE,FALSE,FALSE,TRUE,HLAF + KIR3DL2
P30511,Q14943,HLAF,KIR3DS1,25,NA,NA,1.414973348,https://www.ncbi.nlm.nih.gov/pubmed/27455421,HLAF_HUMAN,TRUE,FALSE,FALSE,FALSE,KI3S1_HUMAN,TRUE,FALSE,FALSE,TRUE,HLAF + KIR3DS1
P30511,P43629,HLAF,KIR3DL1,157,NA,NA,2.198657087,https://www.ncbi.nlm.nih.gov/pubmed/27455421,HLAF_HUMAN,TRUE,FALSE,FALSE,FALSE,KI3L1_HUMAN,TRUE,FALSE,FALSE,TRUE,HLAF + KIR3DL1
Q13740,Q13740,ALCAM,ALCAM,42000,NA,NA,4.623259631,https://www.ncbi.nlm.nih.gov/pubmed/15048703,CD166_HUMAN,TRUE,FALSE,TRUE,FALSE,CD166_HUMAN,TRUE,FALSE,TRUE,FALSE,ALCAM + ALCAM
O75144,Q9Y6W8,ICOSLG,ICOS,24,NA,NA,1.397940009,https://www.ncbi.nlm.nih.gov/pmc/articles/PMC2759495/,ICOSL_HUMAN,TRUE,FALSE,FALSE,FALSE,ICOS_HUMAN,TRUE,FALSE,TRUE,TRUE,ICOS + ICOSLG
Q9BY67,O95727,CADM1,CRTAM,12500,NA,NA,4.096944755,https://www.ncbi.nlm.nih.gov/pubmed/23871486,CADM1_HUMAN,TRUE,FALSE,FALSE,FALSE,CRTAM_HUMAN,TRUE,FALSE,FALSE,FALSE,CADM1 + CRTAM
P17693,Q8N423,HLAG,LILRB2,4300,NA,NA,3.633569443,"https://www.ncbi.nlm.nih.gov/pubmed/16455647,https://www.ncbi.nlm.nih.gov/pubmed/17056715",HLAG_HUMAN,TRUE,FALSE,FALSE,TRUE,LIRB2_HUMAN,TRUE,FALSE,FALSE,TRUE,HLAG + LILRB2
P17693,Q8NHL6,HLAG,LILRB1,2500,NA,NA,3.398113692,https://www.ncbi.nlm.nih.gov/pubmed/16455647,HLAG_HUMAN,TRUE,FALSE,FALSE,TRUE,LIRB1_HUMAN,TRUE,FALSE,TRUE,TRUE,HLAG + LILRB1
P09603,P07333,CSF1,CSF1R,720,NA,NA,2.857935265,https://www.ncbi.nlm.nih.gov/pubmed/22483114/,CSF1_HUMAN,TRUE,FALSE,TRUE,FALSE,CSF1R_HUMAN,TRUE,FALSE,FALSE,TRUE,CSF1 + CSF1R
P13688,P31997,CEACAM1,CEACAM8,NA,NA,NA,#VALUE!,https://www.ncbi.nlm.nih.gov/pubmed/24743304,CEAM1_HUMAN,TRUE,FALSE,TRUE,FALSE,CEAM8_HUMAN,TRUE,FALSE,FALSE,FALSE,CEACAM1 + CEACAM8
P13688,P06731,CEACAM1,CEACAM5,NA,NA,NA,#VALUE!,https://www.ncbi.nlm.nih.gov/pubmed/15905509,CEAM1_HUMAN,TRUE,FALSE,TRUE,FALSE,CEAM5_HUMAN,TRUE,FALSE,FALSE,FALSE,CEACAM1 + CEACAM5
P13688,P40199,CEACAM1,CEACAM6,NA,NA,NA,#VALUE!,ISBN: 9780471701323,CEAM1_HUMAN,TRUE,FALSE,TRUE,FALSE,CEAM6_HUMAN,TRUE,FALSE,FALSE,FALSE,CEACAM1 + CEACAM6
P13688,P13688,CEACAM1,CEACAM1,7650,NA,NA,3.883718202,https://www.ncbi.nlm.nih.gov/pmc/articles/PMC2779236/,CEAM1_HUMAN,TRUE,FALSE,TRUE,FALSE,CEAM1_HUMAN,TRUE,FALSE,TRUE,FALSE,CEACAM1 + CEACAM1
Q8NHJ6,Q6GTX8,LAIR1,LILRB4,200000,NA,NA,5.301032167,https://www.ncbi.nlm.nih.gov/pubmed/19283782/,LIRB4_HUMAN,TRUE,FALSE,FALSE,TRUE,LAIR1_HUMAN,TRUE,FALSE,FALSE,TRUE,LAIR1 + LILRB4
P06731,P01732,CEACAM5,CD8A,22,NA,NA,1.361727836,https://www.ncbi.nlm.nih.gov/pubmed/24104458,CEAM5_HUMAN,TRUE,FALSE,FALSE,FALSE,CD8A_HUMAN,TRUE,FALSE,TRUE,TRUE,CD8A + CEACAM5
P06731,P15813,CEACAM5,CD1D,NA,NA,NA,#VALUE!,https://www.ncbi.nlm.nih.gov/pubmed/24104458,CEAM5_HUMAN,TRUE,FALSE,FALSE,FALSE,CD1D_HUMAN,TRUE,FALSE,FALSE,FALSE,CD1D + CEACAM5
P30511,Q8NHL6,HLAF,LILRB1,NA,NA,NA,#VALUE!,https://www.ncbi.nlm.nih.gov/pubmed/11169396,HLAF_HUMAN,TRUE,FALSE,FALSE,FALSE,LIRB1_HUMAN,TRUE,FALSE,TRUE,TRUE,HLAF + LILRB1
P30511,Q8N423,HLAF,LILRB2,NA,NA,NA,#VALUE!,https://www.ncbi.nlm.nih.gov/pubmed/11169396,HLAF_HUMAN,TRUE,FALSE,FALSE,FALSE,LIRB2_HUMAN,TRUE,FALSE,FALSE,TRUE,HLAF + LILRB2
Q92854,P21854,SEMA4D,CD72,300,NA,NA,2.478566496,https://www.ncbi.nlm.nih.gov/pubmed/11114375,SEM4D_HUMAN,TRUE,FALSE,FALSE,TRUE,CD72_HUMAN,TRUE,FALSE,FALSE,FALSE,CD72 + SEMA4D
P30203,Q13740,CD6,ALCAM,120,NA,NA,2.08278537,"https://www.ncbi.nlm.nih.gov/pmc/articles/PMC4533223/,https://www.ncbi.nlm.nih.gov/pubmed/15048703",CD6_HUMAN,TRUE,FALSE,TRUE,FALSE,CD166_HUMAN,TRUE,FALSE,TRUE,FALSE,ALCAM + CD6
Q9Y624,Q9Y624,F11R,F11R,15,"PDB,SPR",5,1.204119983,"https://www.ncbi.nlm.nih.gov/pubmed/10913139/,https://www.ncbi.nlm.nih.gov/pubmed/12697893/",JAM1_HUMAN,TRUE,FALSE,FALSE,TRUE,JAM1_HUMAN,TRUE,FALSE,FALSE,TRUE,F11R + F11R
Q9Y624,P20701,F11R,ITGALB2,500,NA,NA,2.699837726,"https://www.ncbi.nlm.nih.gov/pubmed/15528364,https://www.ncbi.nlm.nih.gov/pubmed/11812992",JAM1_HUMAN,TRUE,FALSE,FALSE,TRUE,ITAL_HUMAN,TRUE,FALSE,FALSE,TRUE,F11R + ITGALB2
Q9BX67,P11215,JAM3,ITGAMB2,35,NA,NA,1.556302501,"https://www.ncbi.nlm.nih.gov/pubmed/16118203,https://www.ncbi.nlm.nih.gov/pmc/articles/PMC2194005/",JAM3_HUMAN,TRUE,FALSE,TRUE,FALSE,ITAM_HUMAN,TRUE,FALSE,FALSE,TRUE,ITGAMB2 + JAM3
P07359,P11215,GP1BA,ITGAMB2,20000,NA,NA,4.30105171,https://www.ncbi.nlm.nih.gov/pmc/articles/PMC2194217/,GP1BA_HUMAN,TRUE,FALSE,FALSE,FALSE,ITAM_HUMAN,TRUE,FALSE,FALSE,TRUE,GP1BA + ITGAMB2
P06734,P11215,FCER2,ITGAMB2,NA,NA,1,#VALUE!,"https://www.ncbi.nlm.nih.gov/pubmed/7621072,https://www.ncbi.nlm.nih.gov/pmc/articles/PMC2143337/",FCER2_HUMAN,TRUE,FALSE,TRUE,TRUE,ITAM_HUMAN,TRUE,FALSE,FALSE,TRUE,FCER2 + ITGAMB2
P06734,P06756,FCER2,ITGAVB3,NA,NA,1,#VALUE!,https://www.ncbi.nlm.nih.gov/pubmed/10037797/,FCER2_HUMAN,TRUE,FALSE,TRUE,TRUE,ITAV_HUMAN,TRUE,FALSE,FALSE,TRUE,FCER2 + ITGAVB3
P06734,P20702,FCER2,ITGAXB2,NA,NA,1,#VALUE!,https://www.ncbi.nlm.nih.gov/pubmed/7621072,FCER2_HUMAN,TRUE,FALSE,TRUE,TRUE,ITAX_HUMAN,TRUE,FALSE,FALSE,TRUE,FCER2 + ITGAXB2
P06734,P20023,FCER2,CR2,263,NA,NA,2.421603927,"https://www.ncbi.nlm.nih.gov/pubmed/16785534,https://www.ncbi.nlm.nih.gov/pmc/articles/PMC2212946/",FCER2_HUMAN,TRUE,FALSE,TRUE,TRUE,CR2_HUMAN,TRUE,FALSE,FALSE,TRUE,CR2 + FCER2
P04216,P20702,THY1,ITGAXB2,1160,NA,NA,3.06483222,https://www.ncbi.nlm.nih.gov/pubmed/15850796,THY1_HUMAN,TRUE,FALSE,FALSE,FALSE,ITAX_HUMAN,TRUE,FALSE,FALSE,TRUE,ITGAXB2 + THY1
P04216,P11215,THY1,ITGAMB2,2400,NA,NA,3.38039216,https://www.ncbi.nlm.nih.gov/pubmed/15850796,THY1_HUMAN,TRUE,FALSE,FALSE,FALSE,ITAM_HUMAN,TRUE,FALSE,FALSE,TRUE,ITGAMB2 + THY1
P16284,P28907,PECAM1,CD38,NA,NA,NA,#VALUE!,"https://www.ncbi.nlm.nih.gov/pubmed/9551996,https://www.ncbi.nlm.nih.gov/pubmed/26407101",PECA1_HUMAN,TRUE,FALSE,FALSE,TRUE,CD38_HUMAN,TRUE,FALSE,FALSE,TRUE,CD38 + PECAM1
P16150,P05362,SPN,ICAM1,NA,NA,NA,#VALUE!,https://www.ncbi.nlm.nih.gov/pubmed/1683685,LEUK_HUMAN,TRUE,FALSE,FALSE,FALSE,ICAM1_HUMAN,TRUE,FALSE,FALSE,TRUE,ICAM1 + SPN
P16150,Q9BZZ2,SPN,SIGLEC1,NA,NA,NA,#VALUE!,https://www.ncbi.nlm.nih.gov/pubmed/11238599,LEUK_HUMAN,TRUE,FALSE,FALSE,FALSE,SN_HUMAN,TRUE,FALSE,TRUE,FALSE,SIGLEC1 + SPN
P08575,P22897,PTPRC,MRC1,NA,NA,NA,#VALUE!,"https://www.ncbi.nlm.nih.gov/pubmed/27601670,https://www.ncbi.nlm.nih.gov/pubmed/10575006",PTPRC_HUMAN,TRUE,FALSE,FALSE,FALSE,MRC1_HUMAN,TRUE,FALSE,FALSE,TRUE,MRC1 + PTPRC
Q7Z6A9,Q92956,BTLA,TNFRSF14,290,NA,NA,2.463892989,https://www.ncbi.nlm.nih.gov/pubmed/21959263,BTLA_HUMAN,TRUE,FALSE,FALSE,TRUE,TNR14_HUMAN,TRUE,FALSE,FALSE,TRUE,BTLA + TNFRSF14
Q96E93,P12830,KLRG1,CDH1,150000,NA,NA,5.176094154,https://www.ncbi.nlm.nih.gov/pmc/articles/PMC3030123/,KLRG1_HUMAN,TRUE,FALSE,FALSE,TRUE,CADH1_HUMAN,TRUE,FALSE,FALSE,FALSE,CDH1 + KLRG1
Q08722,P78324,CD47,SIRPA,2000,NA,NA,3.301247089,https://www.ncbi.nlm.nih.gov/pubmed/10964914,CD47_HUMAN,TRUE,FALSE,FALSE,TRUE,SHPS1_HUMAN,TRUE,FALSE,FALSE,TRUE,CD47 + SIRPA
Q08722,Q9P1W8,CD47,SIRPG,23000,NA,NA,4.361746718,https://www.ncbi.nlm.nih.gov/pubmed/15294972,CD47_HUMAN,TRUE,FALSE,FALSE,TRUE,SIRPG_HUMAN,TRUE,FALSE,FALSE,FALSE,CD47 + SIRPG
P15813,Q8N423,CD1D,LILRB2,NA,NA,NA,#VALUE!,https://www.ncbi.nlm.nih.gov/pubmed/19124746/,CD1D_HUMAN,TRUE,FALSE,FALSE,FALSE,LIRB2_HUMAN,TRUE,FALSE,FALSE,TRUE,CD1D + LILRB2
Q9UIB8,Q9UIB8,CD84,CD84,NA,NA,NA,#VALUE!,https://www.ncbi.nlm.nih.gov/pubmed/11564780,SLAF5_HUMAN,TRUE,FALSE,FALSE,TRUE,SLAF5_HUMAN,TRUE,FALSE,FALSE,TRUE,CD84 + CD84
Q9NQ25,Q9NQ25,SLAMF7,SLAMF7,NA,NA,NA,#VALUE!,https://www.ncbi.nlm.nih.gov/pubmed/12213321,SLAF7_HUMAN,TRUE,FALSE,FALSE,TRUE,SLAF7_HUMAN,TRUE,FALSE,FALSE,TRUE,SLAMF7 + SLAMF7
Q96DU3,Q96DU3,SLAMF6,SLAMF6,19700,NA,NA,4.294488271,"https://www.ncbi.nlm.nih.gov/pubmed/15162436,https://www.ncbi.nlm.nih.gov/pubmed/17045824",SLAF6_HUMAN,TRUE,FALSE,FALSE,TRUE,SLAF6_HUMAN,TRUE,FALSE,FALSE,TRUE,SLAMF6 + SLAMF6
Q9HBG7,Q9HBG7,LY9,LY9,NA,NA,NA,#VALUE!,https://www.ncbi.nlm.nih.gov/pubmed/15905546,LY9_HUMAN,TRUE,FALSE,FALSE,TRUE,LY9_HUMAN,TRUE,FALSE,FALSE,TRUE,LY9 + LY9
Q9P0V8,Q9P0V8,SLAMF8,SLAMF8,NA,NA,NA,#VALUE!,https://www.ncbi.nlm.nih.gov/pmc/articles/PMC4370648/,SLAF8_HUMAN,TRUE,FALSE,FALSE,TRUE,SLAF8_HUMAN,TRUE,FALSE,FALSE,TRUE,SLAMF8 + SLAMF8
P32971,P28908,TNFL8,TNFRSF8,5,NA,NA,0.77815125,"https://www.ncbi.nlm.nih.gov/pubmed/11754357,https://www.ncbi.nlm.nih.gov/pubmed/26721880",TNFL8_HUMAN,TRUE,FALSE,FALSE,FALSE,TNR8_HUMAN,TRUE,FALSE,FALSE,TRUE,TNFL8 + TNFRSF8
P15151,Q9NQS3,PVR,NECT3,71,NA,NA,1.857332496,"https://www.ncbi.nlm.nih.gov/pubmed/19011627,https://www.ncbi.nlm.nih.gov/pubmed/12740392/",PVR_HUMAN,TRUE,FALSE,TRUE,TRUE,PVRL3_HUMAN,TRUE,FALSE,FALSE,FALSE,NECT3 + PVR
Q495A1,Q9NQS3,TIGIT,NECT3,39,NA,NA,1.602059991,https://www.ncbi.nlm.nih.gov/pubmed/19011627,TIGIT_HUMAN,TRUE,FALSE,FALSE,FALSE,PVRL3_HUMAN,TRUE,FALSE,FALSE,FALSE,NECT3 + TIGIT
Q92692,Q9NQS3,PVRL2,NECT3,14,NA,NA,1.176091259,"https://www.ncbi.nlm.nih.gov/pubmed/19011627,https://www.ncbi.nlm.nih.gov/pubmed/12740392/",PVRL2_HUMAN,TRUE,FALSE,FALSE,TRUE,PVRL3_HUMAN,TRUE,FALSE,FALSE,FALSE,NECT3 + PVRL2
P57087,Q9BX67,JAM2,JAM3,NA,NA,NA,#VALUE!,"https://www.ncbi.nlm.nih.gov/pmc/articles/PMC1237098/,https://www.ncbi.nlm.nih.gov/pubmed/11590146",JAM2_HUMAN,TRUE,FALSE,FALSE,FALSE,JAM3_HUMAN,TRUE,FALSE,TRUE,FALSE,JAM2 + JAM3
P57087,P13612,JAM2,ITGA4B1,NA,NA,NA,#VALUE!,https://www.ncbi.nlm.nih.gov/pubmed/12070135/,JAM2_HUMAN,TRUE,FALSE,FALSE,FALSE,ITA4_HUMAN,TRUE,FALSE,FALSE,TRUE,ITGA4B1 + JAM2
P25063,P16109,CD24,SELP,NA,NA,NA,#VALUE!,https://www.ncbi.nlm.nih.gov/pubmed/9129046,CD24_HUMAN,TRUE,FALSE,FALSE,FALSE,LYAM3_HUMAN,TRUE,FALSE,FALSE,FALSE,CD24 + SELP
P28906,P16109,CD34,SELP,NA,NA,NA,#VALUE!,https://www.ncbi.nlm.nih.gov/pubmed/18606703,CD34_HUMAN,TRUE,FALSE,FALSE,FALSE,LYAM3_HUMAN,TRUE,FALSE,FALSE,FALSE,CD34 + SELP
P28906,P14151,CD34,SELL,NA,NA,NA,#VALUE!,"https://www.ncbi.nlm.nih.gov/pubmed/7692600,https://www.ncbi.nlm.nih.gov/pubmed/8977216",CD34_HUMAN,TRUE,FALSE,FALSE,FALSE,LYAM1_HUMAN,TRUE,FALSE,FALSE,FALSE,CD34 + SELL
O95971,Q92956,CD160,TNFRSF14,340,NA,NA,2.532754379,https://www.ncbi.nlm.nih.gov/pubmed/21959263,BY55_HUMAN,TRUE,FALSE,FALSE,TRUE,TNR14_HUMAN,TRUE,FALSE,FALSE,TRUE,CD160 + TNFRSF14
O75888,O14836,TNFSF13,TNFRSF13B,0.91,NA,NA,0.281033367,"https://www.ncbi.nlm.nih.gov/pubmed/10898980,https://www.ncbi.nlm.nih.gov/pubmed/12370363",TNF13_HUMAN,FALSE,FALSE,TRUE,FALSE,TR13B_HUMAN,TRUE,FALSE,FALSE,TRUE,TNFRSF13B + TNFSF13
O75888,Q02223,TNFSF13,TNFRSF17,0.5,NA,NA,0.176091259,https://www.ncbi.nlm.nih.gov/pubmed/10898980,TNF13_HUMAN,FALSE,FALSE,TRUE,FALSE,TNR17_HUMAN,TRUE,FALSE,FALSE,TRUE,TNFRSF17 + TNFSF13
O14788,Q9Y6Q6,TNFSF11,TNR11,0.1,NA,NA,0.041392685,"https://www.ncbi.nlm.nih.gov/pubmed/16547002,https://www.ncbi.nlm.nih.gov/pubmed/19416721,https://www.ncbi.nlm.nih.gov/pubmed/20483727",TNF11_HUMAN,TRUE,FALSE,TRUE,TRUE,TNR11_HUMAN,TRUE,FALSE,FALSE,TRUE,TNFSF11 + TNR11
P01375,P19438,TNF,TNR1A,NA,NA,NA,#VALUE!,https://www.ncbi.nlm.nih.gov/pubmed/16547002,TNFA_HUMAN,TRUE,FALSE,TRUE,FALSE,TNR1A_HUMAN,TRUE,FALSE,TRUE,TRUE,TNF + TNR1A
Q9BY67,Q9BY67,CADM1,CADM1,114.4,NA,NA,2.062205809,"https://www.ncbi.nlm.nih.gov/pubmed/24503895,https://www.ncbi.nlm.nih.gov/pubmed/30131958",CADM1_HUMAN,TRUE,FALSE,FALSE,FALSE,CADM1_HUMAN,TRUE,FALSE,FALSE,FALSE,CADM1 + CADM1
Q15223,Q15223,PVRL1,PVRL1,17500,NA,NA,4.243062865,https://www.ncbi.nlm.nih.gov/pubmed/22902367,PVRL1_HUMAN,TRUE,FALSE,TRUE,TRUE,PVRL1_HUMAN,TRUE,FALSE,TRUE,TRUE,PVRL1 + PVRL1
Q15223,Q9NQS3,PVRL1,NECT3,2.3,NA,NA,0.51851394,https://www.ncbi.nlm.nih.gov/pubmed/12740392/,PVRL1_HUMAN,TRUE,FALSE,TRUE,TRUE,PVRL3_HUMAN,TRUE,FALSE,FALSE,FALSE,NECT3 + PVRL1
P48960,P08174,CD97,CD55,86000,NA,NA,4.934503501,https://www.ncbi.nlm.nih.gov/pubmed/11297558,CD97_HUMAN,TRUE,FALSE,TRUE,TRUE,DAF_HUMAN,TRUE,FALSE,TRUE,TRUE,CD55 + CD97
P78504,P15529,JAG1,CD46,8000,NA,NA,3.90314427,https://www.ncbi.nlm.nih.gov/pubmed/23086448,JAG1_HUMAN,TRUE,FALSE,FALSE,FALSE,MCP_HUMAN,TRUE,FALSE,FALSE,TRUE,CD46 + JAG1
P12830,P17301,CDH1,ITGA2B1,NA,NA,NA,#VALUE!,https://www.ncbi.nlm.nih.gov/pubmed/12392763,CADH1_HUMAN,TRUE,FALSE,FALSE,FALSE,ITA2_HUMAN,TRUE,FALSE,FALSE,TRUE,CDH1 + ITGA2B1
Q9NNX6,P32942,CD209,ICAM3,1100,NA,NA,3.041787319,https://www.ncbi.nlm.nih.gov/pubmed/15795245,CD209_HUMAN,TRUE,FALSE,TRUE,TRUE,ICAM3_HUMAN,TRUE,FALSE,FALSE,FALSE,CD209 + ICAM3
Q9H2X3,P32942,CLC4M,ICAM3,15000,NA,NA,4.176120211,https://www.ncbi.nlm.nih.gov/pubmed/15795245,CLC4M_HUMAN,TRUE,FALSE,TRUE,TRUE,ICAM3_HUMAN,TRUE,FALSE,FALSE,FALSE,CLC4M + ICAM3
P32004,P06756,L1CAM,ITGAVB3,NA,NA,NA,#VALUE!,"https://www.ncbi.nlm.nih.gov/pmc/articles/PMC2132622/,https://www.ncbi.nlm.nih.gov/pubmed/8636223,https://www.ncbi.nlm.nih.gov/pmc/articles/PMC5190064/",L1CAM_HUMAN,TRUE,FALSE,FALSE,FALSE,ITAV_HUMAN,TRUE,FALSE,FALSE,TRUE,ITGAVB3 + L1CAM
P32004,P08648,L1CAM,ITGA5B1,NA,NA,1,#VALUE!,https://www.ncbi.nlm.nih.gov/pmc/articles/PMC2120661/,L1CAM_HUMAN,TRUE,FALSE,FALSE,FALSE,ITA5_HUMAN,TRUE,FALSE,FALSE,TRUE,ITGA5B1 + L1CAM
P32004,P32004,L1CAM,L1CAM,116,NA,NA,2.068185862,https://www.ncbi.nlm.nih.gov/pubmed/18701456/,L1CAM_HUMAN,TRUE,FALSE,FALSE,FALSE,L1CAM_HUMAN,TRUE,FALSE,FALSE,FALSE,L1CAM + L1CAM
P13591,P11362,NCAM1,FGFR1,9970,NA,NA,3.998738716,https://www.ncbi.nlm.nih.gov/pubmed/12791257,NCAM1_HUMAN,TRUE,FALSE,TRUE,TRUE,FGFR1_HUMAN,TRUE,FALSE,FALSE,TRUE,FGFR1 + NCAM1
P31358,Q96LC7,CD52,SIGLEC10,NA,NA,NA,#VALUE!,https://www.ncbi.nlm.nih.gov/pubmed/23685786,CD52_HUMAN,TRUE,FALSE,FALSE,FALSE,SIG10_HUMAN,TRUE,FALSE,TRUE,FALSE,CD52 + SIGLEC10
P13591,P13591,NCAM1,NCAM1,55000,NA,NA,4.740370586,https://www.ncbi.nlm.nih.gov/pubmed/9092558,NCAM1_HUMAN,TRUE,FALSE,TRUE,TRUE,NCAM1_HUMAN,TRUE,FALSE,TRUE,TRUE,NCAM1 + NCAM1
P16070,P16581,CD44,LYAM2,663,NA,NA,2.822168079,https://www.ncbi.nlm.nih.gov/pmc/articles/PMC4571854/,CD44_HUMAN,TRUE,FALSE,FALSE,TRUE,LYAM2_HUMAN,TRUE,FALSE,FALSE,FALSE,CD44 + LYAM2
Q14242,P16581,SELPLG,LYAM2,1150,NA,NA,3.061075324,https://www.ncbi.nlm.nih.gov/pmc/articles/PMC4571854/,SELPL_HUMAN,TRUE,FALSE,FALSE,TRUE,LYAM2_HUMAN,TRUE,FALSE,FALSE,FALSE,LYAM2 + SELPLG
Q92896,P16581,GLG1,LYAM2,62000,NA,NA,4.792398694,https://www.ncbi.nlm.nih.gov/pubmed/11404363/,GSLG1_HUMAN,TRUE,FALSE,FALSE,FALSE,LYAM2_HUMAN,TRUE,FALSE,FALSE,FALSE,GLG1 + LYAM2
P13688,Q9NNX6,CEACAM1,CD209,NA,NA,NA,#VALUE!,"https://www.ncbi.nlm.nih.gov/pubmed/16282604,https://www.ncbi.nlm.nih.gov/pubmed/16246332",CEAM1_HUMAN,TRUE,FALSE,TRUE,FALSE,CD209_HUMAN,TRUE,FALSE,TRUE,TRUE,CD209 + CEACAM1
P13688,P16581,CEACAM1,LYAM2,NA,NA,NA,#VALUE!,https://www.ncbi.nlm.nih.gov/pubmed/1378450,CEAM1_HUMAN,TRUE,FALSE,TRUE,FALSE,LYAM2_HUMAN,TRUE,FALSE,FALSE,FALSE,CEACAM1 + LYAM2
P40199,P31997,CEACAM6,CEACAM8,NA,NA,NA,#VALUE!,https://www.ncbi.nlm.nih.gov/pubmed/11590190,CEAM6_HUMAN,TRUE,FALSE,FALSE,FALSE,CEAM8_HUMAN,TRUE,FALSE,FALSE,FALSE,CEACAM6 + CEACAM8
P40199,P40199,CEACAM6,CEACAM6,NA,NA,NA,#VALUE!,https://www.ncbi.nlm.nih.gov/pubmed/11590190,CEAM6_HUMAN,TRUE,FALSE,FALSE,FALSE,CEAM6_HUMAN,TRUE,FALSE,FALSE,FALSE,CEACAM6 + CEACAM6
P05067,P04233,APP,CD74,NA,"IP,YUBQ",1,#VALUE!,https://www.ncbi.nlm.nih.gov/pubmed/19849849,A4_HUMAN,TRUE,FALSE,TRUE,FALSE,HG2A_HUMAN,TRUE,FALSE,FALSE,TRUE,APP + CD74
Q03405,P13612,PLAUR,ITGA4B1,NA,NA,NA,#VALUE!,https://www.ncbi.nlm.nih.gov/pubmed/11053440,UPAR_HUMAN,TRUE,FALSE,TRUE,TRUE,ITA4_HUMAN,TRUE,FALSE,FALSE,TRUE,ITGA4B1 + PLAUR
Q03405,P06756,PLAUR,ITGAVB3,NA,NA,NA,#VALUE!,"https://www.ncbi.nlm.nih.gov/pubmed/11053440,https://www.ncbi.nlm.nih.gov/pubmed/15863511",UPAR_HUMAN,TRUE,FALSE,TRUE,TRUE,ITAV_HUMAN,TRUE,FALSE,FALSE,TRUE,ITGAVB3 + PLAUR
P04216,P06756,THY1,ITGAVB3,NA,NA,NA,#VALUE!,"https://www.ncbi.nlm.nih.gov/pubmed/29212879,https://www.ncbi.nlm.nih.gov/pubmed/18346467/,https://www.ncbi.nlm.nih.gov/pubmed/11470407/,https://www.ncbi.nlm.nih.gov/pubmed/15897908/",THY1_HUMAN,TRUE,FALSE,FALSE,FALSE,ITAV_HUMAN,TRUE,FALSE,FALSE,TRUE,ITGAVB3 + THY1
O15031,Q92854,PLXNB2,SEMA4D,NA,"SPR,Cell,Pheno",NA,#VALUE!,https://www.ncbi.nlm.nih.gov/pubmed/22902232,PLXB2_HUMAN,TRUE,FALSE,FALSE,TRUE,SEM4D_HUMAN,TRUE,FALSE,FALSE,TRUE,PLXNB2 + SEMA4D
P12830,P12830,CDH1,CDH1,96500,NA,NA,4.984531814,"https://www.ncbi.nlm.nih.gov/pubmed/25253890,https://www.ncbi.nlm.nih.gov/pubmed/19553217",CADH1_HUMAN,TRUE,FALSE,FALSE,FALSE,CADH1_HUMAN,TRUE,FALSE,FALSE,FALSE,CDH1 + CDH1
Q02413,Q08554,DSG1,DSC1,3550,"SPR,Bead",3,3.550350672,https://www.ncbi.nlm.nih.gov/pubmed/27298358,DSG1_HUMAN,TRUE,FALSE,FALSE,FALSE,DSC1_HUMAN,TRUE,FALSE,FALSE,FALSE,DSC1 + DSG1
Q02413,Q02487,DSG1,DSC2,21900,"SPR,Bead",3,4.340463945,https://www.ncbi.nlm.nih.gov/pubmed/27298358,DSG1_HUMAN,TRUE,FALSE,FALSE,FALSE,DSC2_HUMAN,TRUE,FALSE,FALSE,FALSE,DSC2 + DSG1
Q02413,Q14574,DSG1,DSC3,18100,"SPR,Bead",3,4.257702568,https://www.ncbi.nlm.nih.gov/pubmed/27298358,DSG1_HUMAN,TRUE,FALSE,FALSE,FALSE,DSC3_HUMAN,TRUE,FALSE,FALSE,FALSE,DSC3 + DSG1
Q14126,Q08554,DSG2,DSC1,11520,"SPR,Bead",3,4.061490177,https://www.ncbi.nlm.nih.gov/pubmed/27298358,DSG2_HUMAN,TRUE,FALSE,FALSE,FALSE,DSC1_HUMAN,TRUE,FALSE,FALSE,FALSE,DSC1 + DSG2
Q14126,Q02487,DSG2,DSC2,29000,"SPR,Bead",4,4.462412973,https://www.ncbi.nlm.nih.gov/pubmed/27298358,DSG2_HUMAN,TRUE,FALSE,FALSE,FALSE,DSC2_HUMAN,TRUE,FALSE,FALSE,FALSE,DSC2 + DSG2
Q14126,Q14574,DSG2,DSC3,34400,"SPR,Bead",3,4.536571067,https://www.ncbi.nlm.nih.gov/pubmed/27298358,DSG2_HUMAN,TRUE,FALSE,FALSE,FALSE,DSC3_HUMAN,TRUE,FALSE,FALSE,FALSE,DSC3 + DSG2
P05067,Q7Z4F1,APP,LRP10,NA,NA,NA,#VALUE!,https://www.ncbi.nlm.nih.gov/pmc/articles/PMC3520120/,A4_HUMAN,TRUE,FALSE,TRUE,FALSE,LRP10_HUMAN,TRUE,FALSE,FALSE,FALSE,APP + LRP10
Q96AP7,Q96AP7,ESAM,ESAM,NA,NA,NA,#VALUE!,https://www.ncbi.nlm.nih.gov/pubmed/11279107,ESAM_HUMAN,TRUE,FALSE,FALSE,FALSE,ESAM_HUMAN,TRUE,FALSE,FALSE,FALSE,ESAM + ESAM
P50591,O14763,TNFSF10,TR10B,2,"PDB,SPR",5,0.477121255,"https://www.ncbi.nlm.nih.gov/pubmed/10549288,https://www.ncbi.nlm.nih.gov/pubmed/10770955",TNF10_HUMAN,TRUE,FALSE,TRUE,FALSE,TR10B_HUMAN,TRUE,FALSE,FALSE,TRUE,TNFSF10 + TR10B
O43508,Q9NP84,TNFSF12,TNR12,1.3,"SPR,Cell",4,0.361727836,"https://www.ncbi.nlm.nih.gov/pubmed/16526941,https://www.ncbi.nlm.nih.gov/pubmed/23667509,https://www.ncbi.nlm.nih.gov/pubmed/20385556/",TNF12_HUMAN,TRUE,FALSE,TRUE,FALSE,TNR12_HUMAN,TRUE,FALSE,FALSE,TRUE,TNFSF12 + TNR12
Q9C0C4,O15031,SEMA4C,PLXNB2,0.95,Cell,3,0.290034611,"https://www.ncbi.nlm.nih.gov/pubmed/17554007,https://www.ncbi.nlm.nih.gov/pubmed/21035938",SEM4C_HUMAN,TRUE,FALSE,FALSE,TRUE,PLXB2_HUMAN,TRUE,FALSE,FALSE,TRUE,PLXNB2 + SEMA4C
P50591,Q9UBN6,TNFSF10,TR10D,62,"ITC,SPR",4,1.799340549,"https://www.ncbi.nlm.nih.gov/pubmed/10770955,https://www.ncbi.nlm.nih.gov/pubmed/15823571/,https://www.ncbi.nlm.nih.gov/pubmed/9430226",TNF10_HUMAN,TRUE,FALSE,TRUE,FALSE,TR10D_HUMAN,TRUE,FALSE,FALSE,TRUE,TNFSF10 + TR10D
P49771,P36888,FLT3LG,FLT3,8.7,"PDB,ITC",5,0.986771734,https://www.ncbi.nlm.nih.gov/pubmed/21389326,FLT3L_HUMAN,TRUE,FALSE,TRUE,FALSE,FLT3_HUMAN,TRUE,FALSE,FALSE,TRUE,FLT3 + FLT3LG
P98172,P54762,EFNB1,EPHB1,0.72,Cell,4,0.235528447,"https://www.ncbi.nlm.nih.gov/pubmed/8918835,https://www.ncbi.nlm.nih.gov/pubmed/7973638",EFNB1_HUMAN,TRUE,FALSE,FALSE,FALSE,EPHB1_HUMAN,TRUE,FALSE,FALSE,TRUE,EFNB1 + EPHB1
P98172,P29323,EFNB1,EPHB2,0.66,Cell,4,0.220108088,"https://www.ncbi.nlm.nih.gov/pubmed/8918835,https://www.ncbi.nlm.nih.gov/pubmed/9233799,https://www.ncbi.nlm.nih.gov/pubmed/8755474",EFNB1_HUMAN,TRUE,FALSE,FALSE,FALSE,EPHB2_HUMAN,TRUE,FALSE,FALSE,TRUE,EFNB1 + EPHB2
Q9UHP7,Q12918,CLEC2D,KLRB1,48000,"SPR,Cell",4,4.681250285,"https://www.ncbi.nlm.nih.gov/pubmed/21572041/,https://www.ncbi.nlm.nih.gov/pubmed/16339513,",CLC2D_HUMAN,TRUE,FALSE,FALSE,TRUE,KLRB1_HUMAN,TRUE,FALSE,FALSE,TRUE,CLEC2D + KLRB1
Q92478,Q9NZS2,CLEC2B,KLRF1,4100,"SPR,Cell",4,3.612889769,https://www.ncbi.nlm.nih.gov/pubmed/17057721/,CLC2B_HUMAN,TRUE,FALSE,FALSE,TRUE,KLRF1_HUMAN,TRUE,FALSE,FALSE,TRUE,CLEC2B + KLRF1
P05067,O75509,APP,TNFRSF21,NA,Cell,2,#VALUE!,https://www.ncbi.nlm.nih.gov/pmc/articles/PMC2677572/,A4_HUMAN,TRUE,FALSE,TRUE,FALSE,TNR21_HUMAN,TRUE,FALSE,FALSE,TRUE,APP + TNFRSF21
P18827,O75509,SDC1,TNFRSF21,NA,"Cell,IP",2,#VALUE!,https://www.ncbi.nlm.nih.gov/pubmed/28045014,SDC1_HUMAN,TRUE,FALSE,FALSE,FALSE,TNR21_HUMAN,TRUE,FALSE,FALSE,TRUE,SDC1 + TNFRSF21
Q9NPH3,P10586,IL1RAP,PTPRF,19000,JS,NA,4.278776458,NA,IL1AP_HUMAN,TRUE,FALSE,TRUE,TRUE,PTPRF_HUMAN,TRUE,FALSE,FALSE,TRUE,IL1RAP + PTPRF
P98172,P54764,EFNB1,EPHA4,25000,JS,NA,4.39795738,NA,EFNB1_HUMAN,TRUE,FALSE,FALSE,FALSE,EPHA4_HUMAN,TRUE,FALSE,FALSE,TRUE,EFNB1 + EPHA4
Q12860,P43121,CNTN1,MCAM,7400,JS,NA,3.869290404,NA,CNTN1_HUMAN,TRUE,FALSE,FALSE,FALSE,MUC18_HUMAN,TRUE,FALSE,FALSE,FALSE,CNTN1 + MCAM
P78504,Q6EMK4,JAG1,VASN,1900,JS,NA,3.278982117,NA,JAG1_HUMAN,TRUE,FALSE,FALSE,FALSE,VASN_HUMAN,TRUE,FALSE,FALSE,TRUE,JAG1 + VASN
Q9Y219,Q6EMK4,JAG2,VASN,14000,JS,NA,4.146159056,NA,JAG2_HUMAN,TRUE,FALSE,FALSE,FALSE,VASN_HUMAN,TRUE,FALSE,FALSE,TRUE,JAG2 + VASN
P98172,P29317,EFNB1,EPHA2,41000,JS,NA,4.612794449,NA,EFNB1_HUMAN,TRUE,FALSE,FALSE,FALSE,EPHA2_HUMAN,TRUE,FALSE,FALSE,TRUE,EFNB1 + EPHA2
Q12860,Q92823,CNTN1,NRCAM,4500,JS,NA,3.653309013,NA,CNTN1_HUMAN,TRUE,FALSE,FALSE,FALSE,NRCAM_HUMAN,TRUE,FALSE,FALSE,FALSE,CNTN1 + NRCAM
Q6UXB8,O75509,PI16,TNFRSF21,18000,JS,NA,4.255296632,NA,PI16_HUMAN,TRUE,FALSE,TRUE,FALSE,TNR21_HUMAN,TRUE,FALSE,FALSE,TRUE,PI16 + TNFRSF21
P78380,Q8IW52,OLR1,SLITRK4,900,JS,NA,2.954724791,NA,OLR1_HUMAN,TRUE,FALSE,FALSE,TRUE,SLIK4_HUMAN,TRUE,FALSE,FALSE,TRUE,OLR1 + SLITRK4
Q06481,P01833,APLP2,PIGR,800,JS,NA,2.903632516,NA,APLP2_HUMAN,TRUE,FALSE,FALSE,FALSE,PIGR_HUMAN,TRUE,FALSE,FALSE,FALSE,APLP2 + PIGR
Q9H7M9,P30511,VISTA,HLAF,1600,JS,NA,3.204391332,NA,GI24_HUMAN,TRUE,FALSE,FALSE,TRUE,HLAF_HUMAN,TRUE,FALSE,FALSE,FALSE,HLAF + VISTA
P19022,P06734,CDH2,FCER2,10000,JS,NA,4.000043427,NA,CADH2_HUMAN,TRUE,FALSE,FALSE,FALSE,FCER2_HUMAN,TRUE,FALSE,TRUE,TRUE,CDH2 + FCER2
Q06481,Q9HCM2,APLP2,PLX4,2600,JS,NA,3.415140352,NA,APLP2_HUMAN,TRUE,FALSE,FALSE,FALSE,PLXA4_HUMAN,TRUE,FALSE,FALSE,TRUE,APLP2 + PLX4
P05067,Q9HCM2,APP,PLX4,16000,JS,NA,4.204147125,NA,A4_HUMAN,TRUE,FALSE,TRUE,FALSE,PLXA4_HUMAN,TRUE,FALSE,FALSE,TRUE,APP + PLX4
P33681,P08138,CD80,TNR16,6400,JS,NA,3.806247827,NA,CD80_HUMAN,TRUE,FALSE,FALSE,TRUE,TNR16_HUMAN,TRUE,FALSE,FALSE,TRUE,CD80 + TNR16
P22455,P34741,FGFR4,SDC2,1700,JS,NA,3.230704314,NA,FGFR4_HUMAN,TRUE,FALSE,TRUE,TRUE,SDC2_HUMAN,TRUE,FALSE,FALSE,FALSE,FGFR4 + SDC2
Q9ULL4,Q92854,PLXNB3,SEMA4D,800,JS,NA,2.903632516,NA,PLXB3_HUMAN,TRUE,FALSE,FALSE,TRUE,SEM4D_HUMAN,TRUE,FALSE,FALSE,TRUE,PLXNB3 + SEMA4D
O00533,P32004,CHL1,L1CAM,1800,JS,NA,3.255513713,NA,NCHL1_HUMAN,TRUE,FALSE,FALSE,FALSE,L1CAM_HUMAN,TRUE,FALSE,FALSE,FALSE,CHL1 + L1CAM
Q9NPY3,P15260,CD93,IFNGR1,100,JS,NA,#VALUE!,NA,C1QR1_HUMAN,TRUE,FALSE,FALSE,FALSE,INGR1_HUMAN,TRUE,FALSE,FALSE,TRUE,CD93 + IFNGR1
Q9NPF0,Q86YT9,CD320,JAML,NA,JS,NA,#VALUE!,NA,CD320_HUMAN,TRUE,FALSE,FALSE,FALSE,JAML_HUMAN,TRUE,FALSE,FALSE,FALSE,CD320 + JAML
Q9H7M9,P13747,VISTA,HLAE,7100,JS,NA,3.851319513,NA,GI24_HUMAN,TRUE,FALSE,FALSE,TRUE,HLAE_HUMAN,TRUE,FALSE,FALSE,FALSE,HLAE + VISTA
Q8N109,P15151,KIR2DL5A,PVR,12000,JS,NA,4.079217436,NA,KI2LA_HUMAN,TRUE,FALSE,FALSE,TRUE,PVR_HUMAN,TRUE,FALSE,TRUE,TRUE,KIR2DL5A + PVR
P22455,Q03167,FGFR4,TGFBR3,1600,JS,NA,3.204391332,NA,FGFR4_HUMAN,TRUE,FALSE,TRUE,TRUE,TGBR3_HUMAN,TRUE,FALSE,TRUE,TRUE,FGFR4 + TGFBR3
